V1,V2,labels
-2.102278709802702,16.661047785076207,0.0
-10.358732806933112,23.26366035582724,0.0
2.32960315608593,20.23541854895269,0.0
-12.081777266906514,14.782367623813663,0.0
0.14501483480766186,24.997819392141526,0.0
4.621050015258492,20.455436462749212,0.0
7.231167432105454,10.118268683856392,0.0
11.962390343669492,26.933137790536627,0.0
4.142147720641898,26.952861310365968,0.0
11.289466851327962,18.657438527086875,0.0
-7.017986609987493,10.962608767627257,0.0
6.001800380631617,13.258465199860343,0.0
2.485646079722475,23.47776788304879,0.0
4.62407884291187,27.984424075043414,0.0
4.594327700087967,21.98533948748964,0.0
-4.98795702242322,31.57932271278431,0.0
4.804154419906519,15.343700269147144,0.0
0.9545147532681222,10.034957188331461,0.0
7.619918196683946,10.092095754801496,0.0
6.394384384377339,28.15516480652926,0.0
-4.811130290127941,16.72163421358435,0.0
1.9800083932357744,19.286855066779562,0.0
11.317439625276945,24.87895729255657,0.0
-2.2045718595415,27.250616773864124,0.0
6.0024803852258435,10.233369847414387,0.0
-0.05294069375039134,16.50277868248353,0.0
0.9721549682449724,26.44315401653688,0.0
-9.811828257356716,18.517794352394972,0.0
5.979423465001608,23.213743897451486,0.0
-6.177174977291511,22.548365900165567,0.0
3.454837575338794,21.794253205525425,0.0
11.409244867359767,20.7100475610401,0.0
-10.51567701018862,21.614902580573848,0.0
-4.093519875105459,24.882351234270228,0.0
0.9043011645991568,15.134174664898993,0.0
-8.857753882198526,24.898863375794598,0.0
-6.801071852261977,27.193526447593634,0.0
10.673275142916086,38.02459462555736,0.0
0.8604250944401877,18.186022048785055,0.0
8.386083933999288,10.608727121947005,0.0
-0.3938634888565393,22.80024845322354,0.0
-5.776984181527716,9.587466063378166,0.0
6.672227554320926,22.184376123743533,0.0
-6.484083548289336,16.456355767220835,0.0
0.6062143945608227,25.197017878873986,0.0
-4.863627725844788,23.800196453739936,0.0
5.310652827721402,22.379953493936956,0.0
8.692702624742719,15.602626984300734,0.0
-2.789392223787364,19.545557114128403,0.0
1.0210979982482717,18.92288689075372,0.0
9.633487898779743,25.87112175429701,0.0
5.465017736426766,18.28923169329701,0.0
-0.9235721395812108,22.690368589236158,0.0
-11.111801371122636,10.449670056298272,0.0
-1.0777293303305266,18.256406156467982,0.0
10.62811642881169,30.390969117406044,0.0
-11.345848063394287,30.686059170834845,0.0
-0.294956315843939,22.40216510772549,0.0
5.4166112646415225,14.963637120928201,0.0
-9.622245098644587,17.103248403816206,0.0
-0.26575607741398066,11.600435255359805,0.0
-1.414152334928442,6.047310582136092,0.0
-13.010364045079243,26.581666678952576,0.0
7.95795133081468,22.892830455232307,0.0
1.705798569793148,17.202575419313174,0.0
8.186710458121015,28.799956347744548,0.0
3.70050733223374,27.93644680635222,0.0
-1.8956234505021428,31.967411310637495,0.0
5.730357850872535,22.84975207818237,0.0
1.0487752565282547,10.039590126027711,0.0
-7.091569480856943,24.59987073863031,0.0
7.9788405665529,29.630256001058147,0.0
-4.91985486248969,22.072981488142982,0.0
12.680319565090924,20.8697965723086,0.0
-4.186947527129309,18.469364143370555,0.0
-2.921369340518675,20.17735764795463,0.0
2.6859786869417874,24.763318906452405,0.0
1.5894526149654724,15.200099292844163,0.0
-12.33831311199365,11.899777372550506,0.0
3.5888409829707593,29.461234982082903,0.0
1.818602015679938,28.858500727726373,0.0
-2.6756864329480456,9.983907759985764,0.0
-7.122640798382043,16.569384051399496,0.0
-12.985325029470493,23.980107164364732,0.0
4.7148566659912685,17.973235463578064,0.0
8.520485691174796,21.223656675470018,0.0
-1.1033745580134913,21.94798146737976,0.0
-5.214773871859241,22.183778026915505,0.0
-6.5716163029900985,26.42918771355464,0.0
-10.715381157963561,33.61455150920979,0.0
0.406403928495604,12.739753674197928,0.0
3.7078375430067494,28.023202014015823,0.0
-1.9691511986576797,24.41706336437574,0.0
-2.266328421534592,17.08226998075276,0.0
11.412682949246335,17.86347746954837,0.0
-1.384268724807836,26.275594955016743,0.0
4.398473452006627,13.256247086376334,0.0
-2.6717427041547763,20.774640711788336,0.0
4.153606980775322,25.528566127745552,0.0
4.792696283061496,14.569659154211681,0.0
-4.467586723908633,20.54822256284895,0.0
-10.644862014568751,18.780630078146505,0.0
11.739886976643174,23.3517248156365,0.0
-5.118684961856975,19.4767562866393,0.0
-20.05097138412278,34.40890666450944,0.0
-8.20530003443669,21.951507822990855,0.0
-8.138393093386181,17.687827378087473,0.0
-1.667412769934625,25.121014309477264,0.0
5.292023036124874,23.173853024095074,0.0
2.292293354833155,23.024597919901595,0.0
-4.327243293587792,-1.0285709042053348,0.0
3.453482766886605,9.02891350139518,0.0
-2.2850578329322806,27.454812402899748,0.0
4.46774500713621,14.828102663754834,0.0
0.8786262423404745,26.957133298235558,0.0
3.032350553167391,24.968415035643485,0.0
2.6644380957948703,16.836347410158474,0.0
-14.577837449800077,11.092106654733042,0.0
10.258313723722154,31.926011813812487,0.0
-0.18744401572994773,27.436951515834828,0.0
4.853931822535239,23.827697892069594,0.0
-6.6377041715833505,21.105845692568334,0.0
8.070229182164615,25.07835917457242,0.0
5.523159756486837,19.67960545359648,0.0
-11.480924387156762,12.141342154254712,0.0
2.8013424267065963,31.010949257005766,0.0
-16.24085321053076,12.993796817466826,0.0
10.487492643389743,26.156371427587644,0.0
-3.7743640861939722,9.89604779090785,0.0
-5.895167924855728,21.033369679761076,0.0
5.343212770300301,24.810801800144045,0.0
22.334353173274287,33.171951567937704,0.0
6.963628770362924,15.803116706145351,0.0
-2.5452982657873946,4.663128379991829,0.0
1.8255332802386697,22.99491255315573,0.0
-1.4728081667991413,5.684450327775632,0.0
-6.416673891391596,13.674853388839203,0.0
3.3093547234712974,27.44253384783729,0.0
1.5939566215824037,16.22545366730358,0.0
1.3408530253764295,17.894503444425048,0.0
-3.582898503055802,22.33937828981159,0.0
-3.1512926698940387,5.777348934187378,0.0
-2.953102916545463,-0.41310698766664444,0.0
-1.7996733276240429,23.46239573650513,0.0
1.2457410674107965,15.676147243909494,0.0
3.344699718130337,18.935165306658007,0.0
-0.5714523657618238,27.027619805299707,0.0
1.143331564112123,14.945759735053368,0.0
-6.301596681302717,16.44697379123014,0.0
-7.268014968566768,18.363556595975897,0.0
7.045798446586538,22.035386904238674,0.0
-6.822754455961322,18.63656316385395,0.0
-0.41022126438144396,20.639186754421,0.0
-4.352471165596324,10.356353478480171,0.0
-2.092342737401968,16.09919120102533,0.0
-3.7215904127690145,26.106168519817313,0.0
-8.15911722964008,19.117134156154073,0.0
-7.244333945592605,12.943530125125353,0.0
-2.34765513755655,14.877234626838055,0.0
-1.1935148036897194,17.642450330847907,0.0
-3.1928919124619526,22.13035435219209,0.0
-4.8758611151339455,33.83901961961919,0.0
10.940200682295751,20.08016757949759,0.0
-9.883657692983464,17.197188702823485,0.0
-6.228491567997935,19.39160152028868,0.0
4.079721872951305,16.054434801946634,0.0
2.613160572558198,16.55644209775346,0.0
-4.68329013934946,14.00138865412293,0.0
5.958715536289551,23.084153180521245,0.0
0.2593341192089893,15.217228436587561,0.0
3.413684238638984,25.59328891921212,0.0
0.9253816334094791,16.391144029971706,0.0
1.5422241861491928,23.61774192257416,0.0
14.225853940829795,21.63711523933218,0.0
4.889645744554719,22.980516381229116,0.0
-8.300904454022694,24.89508271448181,0.0
-3.9823283724520513,14.58713792666951,0.0
4.5876036778047355,15.620708442725476,0.0
1.392321299767919,18.810479944095935,0.0
1.9318868935209346,14.532908402023793,0.0
-9.699194812581482,24.01003879235012,0.0
-1.2008055692691593,22.39221330261779,0.0
-1.9857618236658008,14.425613179929107,0.0
-1.2837200008448435,18.828909855747217,0.0
2.9220108229035575,16.008001127010587,0.0
-2.3613638171071822,22.092868310507075,0.0
-12.238230433605542,16.34174867023006,0.0
-8.361783398061936,4.77485134999217,0.0
-5.597827277016069,16.042033474832376,0.0
-8.379224805841698,4.391135545555738,0.0
7.279911350774567,21.918780549069513,0.0
13.984303915912662,29.28180804395243,0.0
3.4853593688101734,24.83052228862773,0.0
-10.262365638732494,26.518616496825707,0.0
-2.6256941725928664,12.214322665290073,0.0
2.7208904010630106,27.120749228758708,0.0
-0.959317510350477,35.421747683402344,0.0
-4.361842290468827,11.441723103555523,0.0
3.3285229332548507,35.43792557922642,0.0
-4.908322264681397,26.16304340424159,0.0
11.413526540998516,26.052553359637983,0.0
-0.238824528766856,20.181382676358208,0.0
-0.32035946618650746,25.250579687854103,0.0
6.484338334480032,25.21085750604393,0.0
-2.9595267170216015,21.641754095862787,0.0
1.1318771255583369,11.072772454730188,0.0
2.6887449169204043,34.116633825084236,0.0
1.5271747466050272,14.832507642669686,0.0
-9.013321962226392,12.02130341997865,0.0
-6.761228525481916,13.842675131200323,0.0
-19.137304132667765,16.562941656871246,0.0
-2.9813645812755656,25.708630183916647,0.0
-9.655576054178514,22.58583674099647,0.0
2.2169880550177257,28.353218857495676,0.0
2.068092424076811,6.3374482386562025,0.0
15.600697330223612,17.36125024471753,0.0
-1.733344517663188,24.68454852509007,0.0
-8.560110400192661,12.10261346299349,0.0
-2.748293365299628,4.907703929040039,0.0
9.578226722382997,29.08139299947688,0.0
-1.957397740932824,17.75017154208468,0.0
11.722403678293052,30.925289812260804,0.0
4.1500070263410205,30.139740393739075,0.0
2.1953288965211475,13.788788524897372,0.0
7.55151189707081,18.077618146548183,0.0
-3.9282187590495523,24.614833868261087,0.0
3.144879365943993,27.653208456023204,0.0
6.4501756896182965,19.358505487812735,0.0
5.21597383707904,15.95648501262114,0.0
8.389534928002886,17.67538934171146,0.0
-10.918946144630185,9.396460652717343,0.0
2.8756071954508906,24.78950170033512,0.0
1.6034521575966718,19.627039975527904,0.0
-6.751607023114881,20.02374790946902,0.0
5.480811910818311,20.330536995754965,0.0
11.801024596488867,11.212015783711829,0.0
2.1861956795612336,34.41189079436597,0.0
-7.896136203932708,9.876417742885739,0.0
-4.549885550656483,18.234020463610165,0.0
-21.870615922348804,8.143166509135277,0.0
4.973940264422769,16.42732674269216,0.0
7.888951828765658,29.708785911759158,0.0
10.50321559760386,17.78219169395728,0.0
8.378255251730035,18.704595823686134,0.0
-13.183668168764658,14.7019575440568,0.0
-6.574843440000887,26.662179349841068,0.0
3.428016370887225,15.724456282420775,0.0
-10.752573132870886,14.067584832874228,0.0
6.532451609985643,24.830010718216055,0.0
10.980027086830411,18.611890296011705,0.0
-13.612054161299907,23.46628746054204,0.0
5.142595118797582,30.177945048722723,0.0
5.742207063138455,21.385225176484322,0.0
7.108559338219216,19.380790966473484,0.0
3.4503579908903403,16.018114206064563,0.0
-1.2566813875299352,18.293975301312685,0.0
5.36752043787266,17.250024268938027,0.0
-0.21910557836112243,26.537318943852018,0.0
1.6281235272228067,12.884603610698774,0.0
-3.904370814280482,22.816239926828885,0.0
6.713728648026489,31.573689953742083,0.0
1.0775449774447012,26.181134620825418,0.0
12.252220709524,16.108864435690066,0.0
8.699374646396985,29.129459484114193,0.0
2.621668164988001,14.5332143773214,0.0
3.9328286631756,9.071741442323288,0.0
5.777763052189982,14.94610487410071,0.0
3.3582800981827754,23.78222670260946,0.0
6.432462765494164,22.992893413404897,0.0
-2.931753838778516,11.908368417538684,0.0
0.47492843425168463,10.370523147604047,0.0
-9.348747853090153,23.545033866996537,0.0
17.101578392891064,29.973930544174873,0.0
-2.252707642223081,15.931199214937644,0.0
0.6682542000947378,15.266046460496826,0.0
0.22193796328699633,18.829518439743293,0.0
-7.5340103752383225,14.741598826819017,0.0
-0.00715614569139067,16.308904275843748,0.0
4.60518830542182,20.736270256666643,0.0
-0.2778035291951979,15.956796804458545,0.0
-10.868636789857076,27.69431227545714,0.0
-3.3133249443115944,13.770631934920877,0.0
-4.7543510675449285,11.59571183637598,0.0
15.67156686601303,26.65496879241981,0.0
11.818765446091152,28.674733264794536,0.0
-7.598137198077162,27.396373962981137,0.0
-0.8108076201200022,17.229497674588913,0.0
5.345656255434474,5.568660821867937,0.0
-4.73792803356636,22.156899866512894,0.0
2.983526820003119,33.21357398060682,0.0
0.003202831241029269,16.28875480837594,0.0
-13.620736192614045,26.688958151681526,0.0
-2.1061987122100674,20.113953705319553,0.0
6.316642827978004,18.71540370630312,0.0
-0.7194133119169002,11.623540171401809,0.0
1.7441646170433056,17.471866533340155,0.0
-4.115662849386542,18.868701746362692,0.0
-3.40197764286932,12.03629700721524,0.0
5.855330302453312,17.101001492855218,0.0
0.7461553061270052,24.120833507696908,0.0
-0.0221487084042975,11.7297538861785,0.0
-10.825624596139317,21.29956902450121,0.0
-10.657762259089441,26.128809807977714,0.0
9.804483041267154,18.67195294079051,0.0
3.0519384824774045,36.43296559384414,0.0
-3.3355261030924463,16.167309486256624,0.0
3.4998887150902913,13.433208644327706,0.0
-13.973829987049468,7.181959401068449,0.0
-3.84490698046344,22.646547046888553,0.0
-3.6358358606329793,18.366643728824425,0.0
2.2211363121976277,26.438077495382565,0.0
-16.325174067953647,15.708628658020091,0.0
-6.440016529932253,8.987531455413079,0.0
5.982825038760997,24.857752622668407,0.0
-5.198591146164665,24.588155316654365,0.0
2.429653576103446,36.11036753338525,0.0
2.7745150845775575,18.956374721736463,0.0
12.94426799141852,18.142779946174826,0.0
-4.83657889231715,15.81919694210433,0.0
12.857175171980755,21.273638489775948,0.0
-5.624922630252013,29.303259715577855,0.0
8.144100034894688,14.699580742607228,0.0
2.565647077547486,20.1263333134587,0.0
15.014270518461005,34.52864246900858,0.0
-1.848649001160131,24.378410031203153,0.0
-15.165301584667981,14.911002363903398,0.0
6.421298314371278,16.524229711126864,0.0
-14.359705016125009,6.169960759784917,0.0
0.03159679557419334,19.815815456609908,0.0
-0.43935552906207176,18.269445693650702,0.0
5.587703748954052,20.69644868208573,0.0
2.609666507118372,17.749127591468916,0.0
3.428446703987359,24.380387599906808,0.0
-5.3294933839948975,28.122628856620928,0.0
9.638592595609165,39.401326670830855,0.0
2.447393322056234,3.9024273078613945,0.0
3.538111306525768,20.21584320257385,0.0
11.187761026466585,24.230757076518927,0.0
-1.7535172290977812,33.9192660767379,0.0
-10.8114888840568,20.561645634115767,0.0
1.0965123351386024,10.997966292905542,0.0
0.6843662463709679,25.061465387829998,0.0
3.5052437754126182,29.882495606277004,0.0
2.9925660272507435,19.640066807001677,0.0
-5.880894049465976,18.092717808101817,0.0
-3.2075873821752436,27.16177361248045,0.0
3.1666799324006796,28.675775479960542,0.0
-1.8642156177415528,15.367116860262065,0.0
3.8088458784474053,12.618545860965753,0.0
-4.234196929095861,14.111988085818279,0.0
-1.8282399793362893,27.554383772646563,0.0
10.156679680159868,17.55901887077428,0.0
5.815850227596275,31.236168012597037,0.0
-0.8344777583368721,34.86087855141584,0.0
3.8164134775949954,38.98998051903077,0.0
-0.7232760832293282,18.411695546939715,0.0
1.1996537906710558,24.769635726536496,0.0
-4.727982261153952,25.14024977041563,0.0
-1.2978205101631723,20.046519312903694,0.0
2.246254679461706,21.73691753681598,0.0
5.9622058372818065,10.665994721474739,0.0
4.060337594930059,30.7082937528084,0.0
-0.11307005398317282,18.241332958769632,0.0
-1.6553994514825612,21.45346583221344,0.0
6.4370700717899005,19.475700978954386,0.0
3.302727436191455,14.55189528386147,0.0
5.378092918220197,10.149722212410555,0.0
-7.750437770810258,16.476602615873045,0.0
-5.797060290714288,22.992395073199006,0.0
-13.658580061248225,15.41422161763746,0.0
15.805325580431287,24.360441260175225,0.0
3.305589569770606,23.538955017273743,0.0
0.41028977485243834,13.919039773008217,0.0
2.355211472606805,15.598861129466187,0.0
9.640200617860984,17.05864128243282,0.0
11.101674071932841,19.011839422740376,0.0
0.6330485769160328,30.05710730151658,0.0
-6.572298604619382,36.972442354291275,0.0
-3.5286256978942023,18.124598851222988,0.0
1.5695381948067446,27.833300177499485,0.0
2.6072537448983244,23.698542702775036,0.0
-13.592567575907905,5.5482465613075735,0.0
-3.1501286819430456,10.560470171029852,0.0
-7.727621336779263,28.110901046744083,0.0
-4.671476359175154,31.539556366435257,0.0
-1.3610891096995972,13.608055106361512,0.0
-7.813235564586023,20.88555588015503,0.0
3.6164649993733184,9.571948144870811,0.0
5.089631325581128,22.875757346416485,0.0
-2.3680413222158254,23.18341868522696,0.0
4.998533051869403,13.054850014082803,0.0
-4.8130518582035435,20.64819307198446,0.0
-7.899496900300873,21.76729978414584,0.0
-6.621095494634488,17.485935989639607,0.0
7.812356539919529,12.956270318666466,0.0
-3.2819234705140024,18.575691675831706,0.0
4.222294658691222,12.802708235850197,0.0
1.2113477897005271,30.63103327270148,0.0
-2.831111271748627,23.264416272406176,0.0
-0.2881796353065995,19.97796736733521,0.0
-2.8313698752996412,12.552985757802551,0.0
1.5408827619706413,17.40616688251938,0.0
3.762493618803414,20.99717407950807,0.0
0.9243521492728703,16.642294300577415,0.0
-2.8772540851580555,9.121134951119908,0.0
2.9900752248905023,19.057001072414597,0.0
-8.80444395788073,12.953595408447908,0.0
0.9919826565262202,7.704726741363759,0.0
-5.441244413825905,22.515855321739004,0.0
-5.215661065152824,24.314285124199564,0.0
-3.469487831771958,29.136098888909146,0.0
-10.968920225123146,5.785753030871881,0.0
-4.059615172590027,28.93985078052264,0.0
-6.313371827371299,9.010025918900325,0.0
3.5616370617475512,21.041278900046414,0.0
11.47219512343055,23.255522323425886,0.0
8.933600585669714,22.06621039154311,0.0
-0.8574631743045198,21.23741707882985,0.0
-4.027665951964403,7.042784045221472,0.0
-4.434368610802434,13.65165698073816,0.0
-2.74696061850759,23.28880840959806,0.0
4.439213394722769,27.859590145626683,0.0
-3.114005295704209,21.29061271200746,0.0
-12.564277927925916,29.3965941440961,0.0
5.867736326433274,21.11835517751543,0.0
5.897250424961036,20.928912031408714,0.0
-1.826330504962991,28.808556654746926,0.0
-5.227967175099776,9.667122781980655,0.0
2.4507647730814943,26.667233692005034,0.0
0.19409304202096056,25.855207320516282,0.0
5.667158595684659,12.10993108516838,0.0
-16.507444178881947,19.55537404638098,0.0
5.090235973622636,21.622527801624358,0.0
-3.0614854649953034,19.929987006794132,0.0
-12.59690352730776,25.382912462132918,0.0
4.539273689942402,17.39908606978738,0.0
10.823661064055218,24.286024039628145,0.0
-7.844062841716722,28.206950647813528,0.0
1.8342637001966062,23.835883989836656,0.0
-5.2247043804807305,25.40460819325292,0.0
-11.466461582658864,3.7853037638141913,0.0
-1.9888591691446593,27.350399633144328,0.0
-11.993599736176543,24.52385272339393,0.0
-1.5915033131050935,15.194890531783342,0.0
-8.19342289085732,21.72312340146587,0.0
-6.762564420280896,17.774632446824146,0.0
-11.07166674213256,19.38683096197655,0.0
-10.47151538715172,15.330722238155033,0.0
0.2592198713760152,21.57146697575401,0.0
-2.9548743807449944,9.738230844967555,0.0
-0.2602422310915533,16.221628478696402,0.0
-5.874852420831197,25.559968662173368,0.0
-1.254363259362334,19.16097785390803,0.0
4.110891429589285,30.785586237943257,0.0
-13.209831693154193,26.138906762679838,0.0
0.7057007600329948,22.665840879824675,0.0
-8.420516220183387,25.6886548393411,0.0
-0.725867070438398,21.769777324794354,0.0
-4.164127679202563,17.504955059194426,0.0
1.5772207754327745,23.313214446925045,0.0
-1.28980729966605,9.528760742627227,0.0
2.4027305693895284,16.140659630723363,0.0
0.26635896374162016,6.64256111760554,0.0
1.3743982472022092,24.748283825459914,0.0
-8.280684144685136,11.131227642124628,0.0
-5.37183712038634,31.45374321410747,0.0
17.764457945058076,18.097739591722245,0.0
-0.16480365113766604,15.344686852688858,0.0
2.425656167147196,28.761388840993604,0.0
1.187284821281194,16.142012169351887,0.0
3.1107682092468547,30.91426378325587,0.0
-3.117770574567975,15.995173532880187,0.0
-5.328882824204338,5.099988059026643,0.0
11.449952438444312,25.26133852470376,0.0
-0.8385622059387524,21.337931995232864,0.0
-0.25313529118788813,22.895743902618552,0.0
0.3982521459295745,33.31167533879309,0.0
-4.546738325504011,25.44665939612883,0.0
-3.9198465263378397,20.16547846154104,0.0
-5.122957467729975,18.88146962949907,0.0
-9.464488357698208,22.42381328166961,0.0
-4.247151973269352,22.09437041981343,0.0
-5.948897338880448,26.93190261837048,0.0
-4.349297247225866,31.758803678440067,0.0
6.618574932011178,13.821333376610541,0.0
2.344098826979068,16.25258761776812,0.0
-1.6857711830901092,12.476982491043643,0.0
10.894130352866043,13.99356427027065,0.0
13.317301626746051,11.637465852350996,0.0
5.274715328740985,32.07607077764409,0.0
-6.206708785226986,17.598699333543006,0.0
5.509718132876479,25.082974790347805,0.0
5.2000962947818685,14.839367543702101,0.0
-12.158135073172522,15.689231817315976,0.0
1.0900334968222254,21.330507751317768,0.0
7.989556270565194,9.72772443925198,0.0
4.403772557330446,18.303920004901837,0.0
6.743217461456121,24.228980007903736,0.0
-12.712271022163002,13.019601780591003,0.0
0.5678081270539663,25.689144214487044,0.0
28.314048914420663,57.278705074710466,1.0
42.82917626937096,56.55689149676069,1.0
34.49818432651334,58.313166680706765,1.0
32.31260130192511,58.470820399950156,1.0
37.19174566886389,52.002447760739614,1.0
32.26039935164815,54.176198598649684,1.0
32.657902708423684,45.975978900964655,1.0
30.10417125367736,52.022987490792076,1.0
45.69910302723148,61.00765580516302,1.0
39.59286798634024,63.70530941548925,1.0
40.089653548594754,54.52742564200931,1.0
29.74033207049402,70.51041380365959,1.0
28.991769769234665,53.22208469882021,1.0
39.2224916775635,60.38623856714564,1.0
41.79989385058723,51.88355201733225,1.0
49.4136882234814,53.23616541279726,1.0
34.80747447226446,61.08227191366168,1.0
34.85717062424214,70.11753848072416,1.0
53.40883556339651,59.21119434239732,1.0
33.768566195509536,63.92056089612507,1.0
33.55597565028696,49.10692765429675,1.0
34.6338272813484,54.26047381747137,1.0
36.60495293645403,65.17235389597387,1.0
44.28380696247733,49.00011794887408,1.0
25.708802276594266,59.08928439438431,1.0
41.30155228583064,65.13900991890812,1.0
36.193160997833594,58.72048692571642,1.0
46.08868423685911,59.57705409181229,1.0
34.44653278689099,65.81656247663345,1.0
38.99826656437981,55.40502729933256,1.0
49.8362604324644,42.218615062423716,1.0
42.51994205821072,45.65279117210623,1.0
47.29358013545352,56.43797774518428,1.0
41.03746417708068,72.292097447329,1.0
40.727899404618704,64.08737918058382,1.0
37.92899725377579,62.55407967236529,1.0
45.82407067387692,53.384999549035506,1.0
37.2649764952752,52.477828809959576,1.0
50.08836099884705,65.93763051390906,1.0
28.15276331900103,56.395968946163016,1.0
43.48788625013642,60.10170717359259,1.0
31.58830839501792,71.72312713269365,1.0
35.949162692108374,60.118571153984945,1.0
33.53871791207258,55.853864704836994,1.0
42.285342270564776,60.381659853732806,1.0
40.549031528454776,60.18814855610129,1.0
36.00248064522555,56.50611469383294,1.0
36.61979250881403,55.83721622971021,1.0
49.281837791701534,49.90856337273789,1.0
33.60324938121872,56.96257979209388,1.0
48.90254737476288,40.82230965715635,1.0
29.926119050604438,48.57274739318028,1.0
39.33641081167097,49.254148778602385,1.0
41.95217466379957,51.73893184962794,1.0
33.9324360157726,72.48965849697926,1.0
39.927552776673934,62.03564269598094,1.0
33.11814511959946,57.92395932762124,1.0
37.45645719281677,60.994885393612755,1.0
27.906978511439732,47.34834354786317,1.0
33.871543144026795,64.05801544929083,1.0
28.5546140390897,60.0632998439053,1.0
42.25285682942999,51.17101304468703,1.0
37.14851201277984,46.03428107002242,1.0
42.098576436251115,54.785600746102276,1.0
38.73643743288412,61.92390726149176,1.0
36.30037574156096,60.39104922502555,1.0
29.49432371161801,53.8915019078114,1.0
36.58328726020517,65.9304591532152,1.0
39.82787556945294,47.925776212959995,1.0
33.52563393784312,60.32375589678294,1.0
34.86281567842426,68.20078809562655,1.0
40.163703968278014,61.38121285639757,1.0
40.81541951016789,60.96646398048472,1.0
52.62432707093266,58.66251575651873,1.0
35.89758027380524,47.68598533729936,1.0
55.54245035617933,54.66455859842696,1.0
49.703172655279545,56.87534117317023,1.0
26.651939648990133,56.44247957635226,1.0
32.62338303398025,74.46155840136211,1.0
36.52073138526571,53.37137427548285,1.0
41.760722242658055,83.97223456994945,1.0
55.12962844898946,59.17689572290749,1.0
22.908857922165808,66.56313511675363,1.0
30.140368640505855,55.60767040588822,1.0
32.801229222429,61.075400051039,1.0
34.73004996601276,57.456301970121864,1.0
39.76702343204567,59.16016054138328,1.0
45.24189318979215,62.520647356580476,1.0
49.19174762980841,68.23830957381092,1.0
50.43893190387408,59.739236496020624,1.0
32.32595673260829,65.82191962258868,1.0
42.88596007838112,47.659391793892596,1.0
40.53386509717307,69.6549801740693,1.0
46.14661300757494,63.96871381447784,1.0
41.86265742396807,52.47420960620159,1.0
45.92447490239578,52.990617860406125,1.0
41.545528979530815,64.64592986134764,1.0
46.065156633764666,70.3357176635874,1.0
37.422797333813214,62.77938618071896,1.0
32.23441536109398,65.46024753123689,1.0
41.4369880104499,57.273746825698204,1.0
36.73670015887299,62.00416998274037,1.0
39.55170186980444,59.94525291745949,1.0
46.827254815327315,60.40019196437825,1.0
38.7389646191727,75.70174049307548,1.0
49.76216047923435,63.04419533832577,1.0
39.35992087242471,68.03653462447356,1.0
35.469692285997546,67.56700051190026,1.0
42.114530804769586,64.81947956586774,1.0
33.90121593200165,74.69920836772417,1.0
44.61162542279639,67.61544865555237,1.0
34.73146827127469,58.74339937074006,1.0
41.58315579392055,60.3244974115737,1.0
40.48708528657974,59.06184800199113,1.0
24.32222072725932,65.75403638559906,1.0
49.510230925274016,56.229498299805286,1.0
27.948854664820956,72.96006465309227,1.0
36.191254531063116,72.08308157447074,1.0
34.047125034148465,48.67988789688771,1.0
29.177034820289258,64.96492583993921,1.0
42.93857190973132,60.964787087663765,1.0
47.913601538600716,58.07517001148581,1.0
49.275631309287974,57.40909015355966,1.0
43.557128331393216,56.09196088548772,1.0
46.338997344357615,51.25402937567144,1.0
34.256008196313296,62.33737131184276,1.0
48.45007588822505,72.0766888865937,1.0
39.54413945998235,47.81623465795449,1.0
29.35863664896727,53.4211766721239,1.0
43.899621290377674,63.35892002152178,1.0
36.757386500453585,57.49428611046356,1.0
41.68971461519187,52.76345295033994,1.0
45.981397088459616,52.27492650689215,1.0
44.95442606133604,56.19071632834891,1.0
37.79418813590538,69.77855611062024,1.0
31.429230715516592,57.33504391372889,1.0
47.156870979975736,64.0891772433721,1.0
33.06819915035879,54.44219560577353,1.0
26.15384147304688,49.96719940823608,1.0
40.50986432096788,57.51286900674743,1.0
40.051681072519955,58.5734311631489,1.0
31.717000931926624,60.9925740332639,1.0
50.499519564542766,57.592737215560994,1.0
46.98986636896615,71.91502501539843,1.0
56.11645160621798,55.243402880864295,1.0
25.914405658316596,70.08493274873173,1.0
35.96651709197805,64.09598676785534,1.0
40.05814297474162,59.09937221497844,1.0
36.67592229092344,53.86160616895537,1.0
37.06402584061509,60.18300179115796,1.0
38.630102390164346,68.24830982126869,1.0
44.56427105925986,57.23704988523315,1.0
41.59363167966208,52.88266140393826,1.0
39.899134589743205,59.8107226370393,1.0
32.10882537934687,56.7111955031134,1.0
36.16456493868974,64.093103372104,1.0
30.139382841693692,55.54755441441599,1.0
46.306068707343954,53.58734454775836,1.0
46.96263981785391,64.00337651528197,1.0
44.04403311932267,62.23127908052781,1.0
37.140595766957844,62.27615755878684,1.0
38.004510452767754,62.72131889152018,1.0
49.24452711849228,50.09166815306616,1.0
45.534015238124155,64.1370345549721,1.0
43.31902240760625,69.13554724818218,1.0
26.211810516630138,58.028145075551144,1.0
33.87220136113235,68.32532749419549,1.0
40.86877229572956,57.600602550916484,1.0
44.62395968232443,61.69140726898937,1.0
41.17213918791612,62.824385765089396,1.0
39.15862870987938,59.18816097096536,1.0
31.978851141316355,63.52259506849542,1.0
42.31018088329876,47.913560939352706,1.0
48.617829893002494,77.6763975211978,1.0
48.126029474638685,65.9468480518402,1.0
54.75894974044405,57.28810119901421,1.0
33.53250882838406,60.89279118688967,1.0
55.52831245850197,50.407225399812546,1.0
40.91262501784257,64.7113057879325,1.0
46.72429307189175,68.50203345143353,1.0
37.27059253811103,62.887032006488425,1.0
44.10154908193142,54.667295672753504,1.0
34.608771808776154,53.07177057284083,1.0
44.6647430067533,55.616374433210936,1.0
46.57117534774145,57.99269475859044,1.0
32.59247961270151,69.18810905461102,1.0
54.88432246600091,59.24026429161769,1.0
33.44142139027497,51.41195304345612,1.0
38.40313772060709,68.48538773405267,1.0
34.26568629457444,71.96950731019052,1.0
38.87540128831384,54.14492467737071,1.0
31.830888299632214,45.958264236472665,1.0
34.7289556467163,57.63070487373771,1.0
25.729170197046397,60.868582948052044,1.0
43.48757719341563,56.18291992482623,1.0
40.917495617579576,54.34680132356208,1.0
28.973575210127574,50.29733435875847,1.0
40.98533678861773,62.775878786223345,1.0
51.644830818769975,62.22468321142795,1.0
37.00490435847536,50.63607802923203,1.0
42.787783395261684,67.9908248729688,1.0
30.410958800945245,57.38146976601289,1.0
38.54123101912843,51.20383040502886,1.0
40.041233473796154,74.59720328148799,1.0
42.877054298780074,60.44513797589185,1.0
30.466277167386167,55.859127192710304,1.0
27.157935797788483,68.1484123150607,1.0
38.8148409446862,67.81058474429021,1.0
38.4044575963359,61.00855635654182,1.0
29.669902033099092,54.593552366381076,1.0
32.02977911587279,62.42812354788868,1.0
45.94692896166696,57.81048936065025,1.0
54.91075174558756,55.84621728395574,1.0
34.763026921479224,44.06702497539483,1.0
42.4808749960326,59.79707047975967,1.0
34.463094314075974,62.37196002241936,1.0
38.39701436312615,52.74386885459704,1.0
39.49045454274456,62.23016881092823,1.0
33.48831915448629,69.07211270004503,1.0
33.91009950362539,61.03500398581819,1.0
30.89898423306979,62.27623539734228,1.0
45.35476060458038,52.7815083794613,1.0
41.100050032496995,54.784910644449155,1.0
39.8787158779929,65.56372596365841,1.0
33.52242994925806,53.728665537415836,1.0
30.15839166337585,66.66197786357843,1.0
26.148520326367027,71.372773982352,1.0
45.62447508495696,48.55324676246005,1.0
34.274202824766505,57.969670474529664,1.0
30.097223658382667,56.62395901226202,1.0
46.647751700481976,54.777739901421384,1.0
45.19906394813165,56.952962199749635,1.0
40.135187688059595,65.84166703929967,1.0
29.490399200796304,53.316881651633395,1.0
44.0008934500083,68.31147624857697,1.0
36.79599470188438,50.883930096552575,1.0
40.61869192457315,60.76109925603422,1.0
40.897855363787684,67.18316736599168,1.0
38.58885972429068,62.65637768001217,1.0
46.689303398772125,62.447987816897374,1.0
38.08869012110294,54.473938597958345,1.0
33.04721774772179,49.172601173124576,1.0
34.32246279178243,63.36426637354705,1.0
55.8373219060646,58.76564708486384,1.0
41.73319304205949,73.97440009501551,1.0
30.4395325318089,75.24219482859056,1.0
42.00999665669006,63.799287927026484,1.0
22.336607059777947,61.786399231848186,1.0
23.52998818388643,55.24553345674336,1.0
31.855934539881194,57.600696453119035,1.0
38.66511301656527,53.32116922708242,1.0
44.22829483196308,64.19557825352153,1.0
43.07318345014,58.67897447906015,1.0
31.78411238580765,61.046140020351984,1.0
32.38230488575311,66.70749051106972,1.0
46.81600348750325,64.9384053676064,1.0
52.738440706580334,54.64169678315017,1.0
41.01581782470006,59.835431936539514,1.0
29.151067506264585,55.26701370034269,1.0
36.28427718167916,74.26037155688635,1.0
30.89252102844111,56.536167652747324,1.0
45.81695251956562,56.514843995007,1.0
36.63814689766855,67.19395640472818,1.0
22.81734764557095,57.77964877975733,1.0
47.94405330004073,57.08895954130611,1.0
47.847571546426394,50.7019157634241,1.0
39.05192245512526,57.62086228612003,1.0
50.129679665466696,54.66845978996813,1.0
39.93844476165116,54.773718500735534,1.0
59.94632319463699,52.09870784155001,1.0
31.55033327543301,68.7329500103327,1.0
33.66400109530797,49.2322884634006,1.0
40.827608801113094,65.37254383881353,1.0
43.676513096128524,66.602494123901,1.0
30.108580921904597,62.004139873542265,1.0
41.50291980049218,59.52822952805754,1.0
48.528143228508604,60.511240754963985,1.0
39.38500108517702,62.94674182058168,1.0
39.190589714019204,51.403480871791416,1.0
33.630235708801045,51.00159486951255,1.0
43.732237886093685,56.48775187363142,1.0
48.193971485349024,76.76510960731125,1.0
37.57064981392452,54.843077949968304,1.0
37.15403602297133,62.156252329601934,1.0
50.60837511790153,65.47901910293392,1.0
41.99166588434999,49.83087874021415,1.0
45.0650923419401,51.912543763519345,1.0
37.77168320292065,57.4261262112767,1.0
42.668116395009775,73.96068341049404,1.0
47.709386008035686,59.85369717136148,1.0
33.39928072151611,64.53573300611943,1.0
44.930258702956635,65.52826703438959,1.0
34.43257786573014,61.15248604851385,1.0
40.870944965317854,57.312478040047324,1.0
43.842683443364976,64.67787937673206,1.0
59.68094525885378,51.35740146827327,1.0
33.370684139435085,62.134657582535844,1.0
57.05879040087734,67.26908800360304,1.0
26.838629018990424,66.78678770948392,1.0
43.42208303259342,56.36383264392078,1.0
34.276556332317774,67.60647777940046,1.0
47.19953112914281,59.45107714344968,1.0
47.10650627042628,57.863642486917286,1.0
31.492594860718686,67.24443693652088,1.0
39.56017663809529,57.113518659683145,1.0
49.0800390444804,53.92434185124615,1.0
35.83124399241841,55.07658436818499,1.0
25.449913979898,76.40824045830836,1.0
42.106517606493654,54.81763294542906,1.0
36.62751292735695,67.7621071909756,1.0
46.389216058447296,52.44459368873814,1.0
38.50692806267932,52.02903081204085,1.0
25.120882222858995,55.592336729271715,1.0
36.09277318202978,68.5126876096379,1.0
35.51671861246612,63.78466614811588,1.0
41.607551206558256,53.40181898937921,1.0
38.31995521610114,68.30579583473364,1.0
43.6801200245828,59.766602975112235,1.0
42.86332175024542,66.97026706604103,1.0
34.557560943011154,44.20744533189235,1.0
33.02932957522413,66.72131585665748,1.0
38.21702550934668,62.60293279883284,1.0
43.392709727067285,67.54530110291125,1.0
36.184880622838484,65.7418875126552,1.0
21.334180682349896,66.4409316961725,1.0
35.43679937405739,58.59551185708899,1.0
40.71138268684961,57.28730843889606,1.0
39.6895592352927,56.82553630372599,1.0
32.745503014021125,65.52008508111733,1.0
39.65572864595374,70.70726132732571,1.0
33.792093626863256,52.647376786684305,1.0
53.86944303024935,67.97639022278447,1.0
33.434168971849274,53.212454881880404,1.0
47.59121030955248,62.6972358732186,1.0
33.02225425305804,58.323032864944395,1.0
43.00822557329305,59.45173094856775,1.0
46.488247775305496,57.54514923196736,1.0
33.24685112746918,50.12183823501158,1.0
26.35943984164633,61.109146204983524,1.0
36.95323720949105,52.76852301746101,1.0
38.03896471029272,57.80437960281428,1.0
43.079700101331724,66.22448001446742,1.0
40.311989357130265,71.8269682541576,1.0
41.41660631314506,63.36692153694419,1.0
39.796774851576906,57.286597999556584,1.0
39.28198969742284,54.67762791657809,1.0
42.03960122569318,48.989844056845506,1.0
29.950114242113095,68.7487283495036,1.0
48.435011310369845,61.86403002621276,1.0
36.48394243961341,58.22505241374845,1.0
35.82359849346681,60.566443688115065,1.0
31.353101686942686,62.11204083020122,1.0
39.059869214435814,56.720789468952184,1.0
27.327695577670287,65.74773435219167,1.0
45.406980079198036,55.95856791777042,1.0
34.884522790102686,53.717384102682296,1.0
47.076472037113255,75.2925300272334,1.0
43.19464687236521,62.31689413426189,1.0
37.367545190680175,59.21450811169865,1.0
38.45897175073343,54.236774737151876,1.0
38.616825440374456,56.100427038408675,1.0
33.21363571508972,59.1798448294078,1.0
39.55097181781198,70.07995907800411,1.0
38.841835187636015,66.67624621234741,1.0
29.198346848640302,67.02019881710271,1.0
42.84373754819585,59.45698555539707,1.0
41.56968706627349,58.63025001343034,1.0
43.71740340150987,48.04669064181711,1.0
50.60052895142541,60.247795522165895,1.0
26.815486266341622,63.400498246526446,1.0
41.356078928291,59.719291594285934,1.0
34.006970374682496,65.2717984633281,1.0
43.618305923619374,65.92937895609185,1.0
32.550718830410325,57.4090070589826,1.0
34.171317917701415,63.87681987626752,1.0
50.629617404616525,77.20186246927582,1.0
52.24138287926144,54.49273843843194,1.0
30.70936669373556,64.02748041444413,1.0
36.088328785896984,65.32679028413777,1.0
25.32600537483206,58.074573996562016,1.0
27.96016939052304,55.15536237073128,1.0
47.37749897544372,51.845864178236724,1.0
45.35447371962768,57.17889464972928,1.0
29.677026471820195,47.97175025155309,1.0
36.69233988978654,62.03918898796863,1.0
31.55847788346474,67.99260745544224,1.0
42.261889127113136,64.1486784088264,1.0
50.22114780943529,57.42305473147382,1.0
43.328816680859134,62.96973161078954,1.0
45.5666036981533,58.85333322417937,1.0
47.64233144385923,66.8365930229169,1.0
44.061514232628156,71.43053020400265,1.0
46.641358442539115,52.5098723523329,1.0
45.237964603778806,57.94553768976254,1.0
31.858874018095623,64.85502327219788,1.0
49.09543149205636,70.2106507059774,1.0
37.569892252212945,64.07877578438347,1.0
42.54780976704472,55.25719660131453,1.0
45.50130917033373,57.78355214631603,1.0
34.35760218596825,54.56422628595885,1.0
30.507086141262427,49.91895773073517,1.0
50.98474980169165,56.30874425979087,1.0
56.96161350195206,61.6028456973182,1.0
36.15874535211722,61.09101744826803,1.0
43.80081811848255,72.47853653200787,1.0
41.77510343441263,63.198314489236274,1.0
27.35299646604585,56.0481762397666,1.0
45.70256071641075,57.06213151594731,1.0
54.563372811968584,67.59092269179745,1.0
45.87238973469867,56.30132911584953,1.0
40.3031332682813,61.048239918328775,1.0
44.30852143016875,58.00651259351573,1.0
36.98941015284943,61.274183723031655,1.0
38.773424326240004,72.45292128118497,1.0
40.4161365356751,60.59889041061436,1.0
35.223685976868396,57.48480026076967,1.0
33.70154283947559,56.485314903928305,1.0
41.400260989380904,64.90516770443413,1.0
45.361428307543775,66.41395370558358,1.0
41.17994574362079,59.16217794964304,1.0
49.78428905106611,51.53908562595201,1.0
42.374651992498485,63.27481670674967,1.0
44.15892893679533,54.195248775526814,1.0
37.683308466644995,49.28543173726482,1.0
32.93851210968284,57.08031511617721,1.0
34.72051982982346,71.93279753933334,1.0
41.68885649794276,70.60038684448148,1.0
38.10013934342622,51.598235184391854,1.0
34.0439915954281,51.61970069095109,1.0
37.25190165018086,59.775815518694515,1.0
36.760857629417906,64.62193549746429,1.0
44.39159003278988,47.43894357935956,1.0
41.34472656417727,45.22626871714412,1.0
29.222737291262572,60.146548885355735,1.0
47.60758957972056,63.624597282008025,1.0
46.73383150541278,64.65009480648106,1.0
37.80615887245546,65.3652481882646,1.0
26.488944592837505,60.02060118661456,1.0
43.908177702451624,61.87969637628713,1.0
52.57262858520767,64.75942840711102,1.0
27.20129391064808,62.86495053405319,1.0
49.22627678024468,63.482122669575546,1.0
38.77780034718073,61.49406356006118,1.0
42.111977017413736,66.22340138454074,1.0
42.50929731427502,62.3691773494139,1.0
37.156696607351975,57.21896282335472,1.0
42.77778710247,61.71508062513679,1.0
42.24857118965209,58.661181156489164,1.0
33.58250458401076,69.08196395915341,1.0
38.54488439852813,55.68009642658227,1.0
38.03045762951602,54.79395759650961,1.0
32.16906430149435,55.752878320634174,1.0
38.38198327092639,62.722759917076075,1.0
53.5487878925231,62.62437196647103,1.0
45.453162779737326,66.83904750222288,1.0
20.26470440124647,61.897961950342726,1.0
34.28749725137179,59.14336459714479,1.0
51.90222099481854,66.64080329858216,1.0
47.06503546693038,61.04569467379591,1.0
43.15411726769951,58.577029298942705,1.0
46.56343990914134,73.81469887661346,1.0
44.36249051056853,66.68207491877182,1.0
33.77988814106415,44.866123809359244,1.0
54.41190914781946,71.63899533673099,1.0
24.839021891301613,63.82590490659704,1.0
43.92165511256329,68.73733275191935,1.0
42.90893588495714,61.881728478784005,1.0
33.67332845392209,39.10149047941089,1.0
36.42656837835787,60.961021914794756,1.0
33.935581833694485,54.88556375258847,1.0
40.31279966174371,56.51562591879055,1.0
40.278270557132295,56.95089799483294,1.0
38.5920154391355,55.008510276872286,1.0
38.200613661653286,57.91690015670929,1.0
34.45244186757958,53.954161230304514,1.0
43.009851819657854,75.24463470096148,1.0
47.83179229953805,61.49329247688864,1.0
36.40351832685686,69.72919004591662,1.0
35.783255540122695,86.20485626864506,1.0
33.48142405557709,55.64580563040792,1.0
38.89830942676158,61.66685890054281,1.0
34.189559509915505,60.445156709317835,1.0
36.70559249253925,57.574109420808654,1.0
41.74918614417779,60.28253724391308,1.0
35.50719732144007,66.49950624448692,1.0
51.1985425170878,42.69041700261193,1.0
35.6795253691836,57.567562826479815,1.0
41.979722297655925,58.21289613910884,1.0
29.61997065432063,58.80658054392448,1.0
42.00537213286138,65.9518904792791,1.0
51.689856369791116,58.31396199304516,1.0
39.04561690844485,67.4068318389193,1.0
32.60621467120854,57.580762383487816,1.0
33.76507389562969,58.76960806619538,1.0
41.208406403553056,65.39605084311279,1.0
32.22307689730535,59.53620266962743,1.0
30.44606353580451,57.31332412181868,1.0
33.00306386602368,63.37855537541534,1.0
44.41157252157343,55.86148055452812,1.0
44.4504881214537,57.228389027524955,1.0
74.20141642599175,12.815242032542285,2.0
75.59446630411546,12.64060308049443,2.0
78.81658975382135,20.8624311249081,2.0
73.91235558049333,6.075116752058799,2.0
62.07803060147001,11.070887444162203,2.0
82.01102562054635,14.695226547227222,2.0
78.50419780541081,9.488963963096262,2.0
66.61947979689074,4.760364784153548,2.0
80.98464572911985,1.764273137916117,2.0
72.64154553846505,0.7549965873286464,2.0
68.35832785514259,11.01883398094229,2.0
69.20669266920656,-3.347071587693783,2.0
84.80813396158405,26.571556846136964,2.0
54.70249148696172,6.586047437202283,2.0
71.26838203843289,6.5527734043220995,2.0
70.47503151800576,1.1371044101177787,2.0
65.10062269925935,9.948922146109762,2.0
51.25612311233597,17.72585232880828,2.0
70.40185062182285,5.520043021047725,2.0
78.61707801605569,1.6486980324552754,2.0
75.57268493783563,11.646985700553406,2.0
71.99257490061068,13.45391149666987,2.0
68.897145111175,19.649693537084993,2.0
70.04352683241716,9.954321285830154,2.0
70.95952255182596,12.448059299376652,2.0
69.87127407639952,1.5540532297529381,2.0
74.8762924523893,11.96305472587386,2.0
80.92237312902982,13.064327790281684,2.0
68.28109304930688,16.66793944231823,2.0
67.70726671466579,9.56411591372936,2.0
66.23741644562442,4.919792539185085,2.0
68.46611926066548,7.476050987454957,2.0
71.41594912592902,5.826324444614967,2.0
83.31644592445367,22.028485446579467,2.0
58.16521080225495,7.049156849150956,2.0
59.05537283899314,10.91192220414027,2.0
68.59302875431389,10.485614533554898,2.0
74.72524555944855,11.693581226252533,2.0
61.026732314084036,12.573986182483637,2.0
72.88361597104863,8.565552235385862,2.0
67.1139703667656,12.880542923850808,2.0
88.51458669917476,6.490392702603121,2.0
78.71500451737363,7.006342251176299,2.0
73.34910343058974,11.931644407569665,2.0
65.38935823022976,19.320937407035963,2.0
66.86115999403613,9.743208805573762,2.0
72.22856860709902,1.3052650750079824,2.0
64.96396952204121,4.237264014625098,2.0
71.65652722304895,1.3756338096395098,2.0
74.15110637178815,21.99602838088393,2.0
72.37020600907951,3.7180314489975475,2.0
69.12150631017502,19.916297543233025,2.0
68.3023827570005,24.058348220436798,2.0
71.61814249121936,17.74138273334134,2.0
68.81476639245852,14.600336985359966,2.0
73.60802664102746,12.046571939601067,2.0
74.59369992033773,4.9810555349270045,2.0
68.61184958302132,3.6892779824689814,2.0
75.95657207985836,6.419107927990774,2.0
84.23041321463779,22.398139283226207,2.0
53.70085255469899,1.2265125091543414,2.0
71.36085999472596,8.839299742912294,2.0
67.25937269707218,12.507154896200653,2.0
70.79158426062587,21.47978248143432,2.0
62.83847190166759,9.72706738755426,2.0
67.62753504213488,7.815691412836628,2.0
63.66546958004672,9.341951337124543,2.0
74.59054696218,9.088752033605957,2.0
62.041899491819244,16.899578837393776,2.0
83.47659316390538,9.400585302398515,2.0
68.89982871093166,9.387926400351722,2.0
67.92933185398317,10.269248727468236,2.0
64.01465889189528,18.30492698045318,2.0
82.29187323469334,14.345208937869526,2.0
78.41698417139237,2.6560707728165545,2.0
62.945635293791305,18.881897285475382,2.0
68.78506794713665,10.997873299341563,2.0
79.50397366799018,13.592042727131894,2.0
73.47328565706688,10.425869504155084,2.0
60.66579112024898,6.0149758588395095,2.0
74.5931095686235,16.957500342726348,2.0
61.94320115428832,12.879126554718276,2.0
66.65549040660107,-3.0809510419984,2.0
80.2444707601483,8.182207682542632,2.0
68.9794266645296,13.452579051190815,2.0
65.23390767301633,4.505411046190978,2.0
70.93417071971622,12.389782245998529,2.0
64.31845414092474,24.36060548229745,2.0
77.46766704904738,19.239636432853686,2.0
59.45242273245123,-0.48235544975983125,2.0
72.70171981870993,9.273223765553755,2.0
64.35339268264038,17.521292665811348,2.0
74.13908194566032,28.847261312834355,2.0
78.67791805384142,16.120278761227087,2.0
69.407817110153,15.05302175878339,2.0
76.08759548161794,20.520599964036464,2.0
66.0189315096363,-7.0561742163369665,2.0
72.18901283371703,5.839502841420668,2.0
67.69519564720846,7.878854676272137,2.0
70.99351047342988,15.673017039700479,2.0
61.53987462021119,-0.2912102243602188,2.0
72.46234724475079,0.05770880553797397,2.0
72.70420827729811,17.235370115837192,2.0
60.58284519452803,3.9937686109621744,2.0
71.63009554395859,11.623298943542729,2.0
73.59815551777712,19.3964628346986,2.0
67.58341199015987,3.24711385098823,2.0
71.16730344972689,13.717517839982634,2.0
72.58642319241275,11.95210143652953,2.0
60.274219180918564,-2.0951681044935544,2.0
74.96749145320607,8.7564886449502,2.0
67.00218568703744,5.263944481626116,2.0
67.03748975645914,19.710992816169366,2.0
65.50305667272436,-0.25600385509465795,2.0
74.86696017645217,24.53069200423021,2.0
69.76573375617726,17.349148099382877,2.0
75.95621327274608,24.517706178027794,2.0
72.78881235632151,19.798055552971682,2.0
74.50076770285531,5.350902225109192,2.0
68.82355503263977,15.406490414448356,2.0
66.647010086511,12.252502475277165,2.0
67.2319526999555,-7.771725763087208,2.0
61.096243465726474,2.097190455363834,2.0
81.05017893239578,8.290258887972806,2.0
66.56261971648729,15.402777036951328,2.0
63.415520219774166,17.91000912195349,2.0
77.59850663479817,17.48255352047058,2.0
74.76370998479476,18.251544475943504,2.0
67.40950061321915,3.373695265336753,2.0
82.57777034644799,24.486013934270538,2.0
65.79171038576524,9.669569446875842,2.0
68.71528037004659,-1.557905629995389,2.0
60.74642831557047,12.184558555828689,2.0
77.7088158804047,20.774808486858095,2.0
73.01076425589592,12.22882624484474,2.0
70.53008610457832,5.856753890909983,2.0
73.34729293219165,13.674871412964457,2.0
80.85693000121256,10.442061237387225,2.0
71.97929551745091,0.9604502222359024,2.0
64.31922877944191,8.756248588799851,2.0
82.21704073368242,15.718068896174904,2.0
68.50073011620617,-0.9102790514489278,2.0
70.19714913516674,14.62908153026169,2.0
67.13572162629701,4.723045388234702,2.0
66.28330782519524,19.926200266282542,2.0
56.269974002326684,5.658850595902246,2.0
73.43298015386858,5.68036769975126,2.0
71.809226097643,16.821005332461127,2.0
61.10410835578988,14.547769785956364,2.0
73.82868206906872,-0.5883577174315455,2.0
69.32045045626032,-0.25261078104314194,2.0
70.79525521872374,13.195091291286179,2.0
44.715562092216516,14.544852983867884,2.0
67.72595462538108,5.968794387334008,2.0
62.96558130645209,11.479673052942733,2.0
63.05670664772931,20.275769071115874,2.0
66.41742527005809,11.191609264409204,2.0
64.51789772735674,8.561614441339483,2.0
68.60097957588506,2.6804949960711504,2.0
78.1771753623596,7.624866660376445,2.0
63.98063637752778,11.451932853932552,2.0
59.59075881509878,15.651926009892266,2.0
66.82190545395315,13.236250079638975,2.0
77.52910910821396,13.816179196630541,2.0
62.31372912672731,10.458030465153987,2.0
71.87087501640744,11.18411911819439,2.0
79.59935524214977,16.174851450206795,2.0
62.61484701912799,8.132019716350943,2.0
67.15975838086491,7.637170816892819,2.0
73.13008768737878,6.796509814985706,2.0
64.34986569414394,8.38769632847276,2.0
69.96616955181092,4.920620590158861,2.0
75.92733846909074,26.450857590923547,2.0
76.62583961386896,8.350385200372532,2.0
68.27660444782335,4.5165512957009435,2.0
61.53335240706981,7.451465573172666,2.0
72.99896306438846,-0.10282385406066297,2.0
62.449640790976204,4.9554678573232485,2.0
71.23115336998487,12.606487233503797,2.0
77.26975897333212,21.189419044110853,2.0
81.8359500536023,8.861592458608596,2.0
72.57414438929551,23.246676358096078,2.0
65.91424880826162,20.625248207053158,2.0
80.97230718493202,4.595904955725876,2.0
69.87488684954496,21.728375497755827,2.0
73.43956419532269,8.180577194639632,2.0
66.7620554440914,11.574986372024243,2.0
57.24706716740421,11.140583703833606,2.0
78.22891401475897,5.509911426102709,2.0
70.90016654030148,13.396689457049508,2.0
79.59817280955566,10.417503749113147,2.0
68.44695424773225,7.98029728504252,2.0
73.46719764927481,6.191965976394359,2.0
75.62966367748601,6.764730781141267,2.0
60.40951197538765,10.339274763301042,2.0
84.05085101771233,15.135296048567763,2.0
80.89359939002404,14.658788838951299,2.0
77.3858106511217,3.4813021666220996,2.0
79.60493451445763,9.975313688276326,2.0
68.59044360667407,9.255571121717416,2.0
72.90225522374595,14.598261448917498,2.0
74.14344518754427,11.537820904402903,2.0
54.8758624987627,7.733113234660859,2.0
72.77356530718599,20.732079078344846,2.0
71.29073710486524,0.27698255034015773,2.0
58.369844187713426,13.121168937776885,2.0
80.23310286631221,11.4327249628151,2.0
63.410030133476724,6.01412167365518,2.0
65.50103671583504,8.767853716862803,2.0
74.33142129167763,1.608347596177616,2.0
58.94882100635921,10.167134116431614,2.0
71.40045739699036,10.983441144080752,2.0
75.4895887889054,20.42214712875304,2.0
67.32575997810187,6.729244698517521,2.0
65.75986668068516,2.555510449575924,2.0
71.9563599289909,2.176083171595981,2.0
70.95855421209934,9.286206919550908,2.0
70.60145458904393,7.057076801020007,2.0
66.72156858197638,14.64473471106135,2.0
79.9743666538319,4.56462044512206,2.0
54.283674338841706,7.534116376027247,2.0
73.40707149967673,20.022516368216195,2.0
71.34989327928609,13.877173865835255,2.0
69.59534689727519,7.346986261140376,2.0
77.38428440891089,10.760847315231173,2.0
78.74995200931525,10.771393673268921,2.0
73.78173295349656,6.916404315689932,2.0
59.323371511649626,13.588535501020997,2.0
71.86590140495329,14.16218870593428,2.0
65.13991663355914,9.667203373458829,2.0
66.04354509682081,13.167104604380174,2.0
73.4297813963975,1.5585404759638308,2.0
61.22843524260314,9.739029978023899,2.0
73.78420747227999,14.148094406611701,2.0
67.45315221270278,5.445484584295387,2.0
53.087908290802204,15.761376744377019,2.0
80.70736047059562,7.460845984784054,2.0
64.96082006025995,11.881804476508854,2.0
64.23002356702963,18.169210168520365,2.0
73.63247879385567,20.27872074470655,2.0
64.90229840853299,21.39399193468573,2.0
63.32334235160206,-4.030169310891422,2.0
68.73314395773158,16.978021328602594,2.0
72.22937441427923,11.793805313336327,2.0
79.0745069340398,0.6616488601399126,2.0
73.37972123925364,6.76408483653109,2.0
65.63892547800567,19.485757218603347,2.0
72.6290062733294,20.4289964123841,2.0
72.79121654132857,10.107851271249366,2.0
64.26227843945489,7.523935875528452,2.0
62.39175737669852,11.678258407441165,2.0
74.65771308902335,8.785344626858729,2.0
79.597137376922,11.680077698227345,2.0
48.7067822874203,0.6453294268625935,2.0
83.36267389843518,10.67810278402209,2.0
64.87156072911675,10.120740262845962,2.0
68.3706409611072,5.925190897555136,2.0
69.07942449924072,12.224334414865158,2.0
80.19707753457764,-1.0897038400669476,2.0
75.27727572372727,7.11087209057349,2.0
54.77277553121415,23.406373991091197,2.0
69.59414480608535,6.586873701205495,2.0
62.89528910684713,7.525068677645448,2.0
64.90677179078821,10.727478200557698,2.0
64.73743658069506,-6.109664234276579,2.0
71.9817033623721,3.096167710837067,2.0
71.51933734869175,2.7076058850373492,2.0
73.5839030925852,10.753500066757606,2.0
60.52475481467367,9.33426036464504,2.0
76.20948262239139,16.73639210486786,2.0
79.72266260421935,7.651507558498102,2.0
72.60708515360707,9.64822219105541,2.0
55.314008871460786,-0.5331863709536098,2.0
79.86687148685775,14.449749541356628,2.0
54.67691703017824,14.708556399706666,2.0
87.25681165795167,9.225210402563436,2.0
58.409655817427236,2.1467037249571135,2.0
71.9477903578521,17.075772406863788,2.0
83.67955863879027,23.711935360681885,2.0
63.863947347264705,12.729235089769045,2.0
74.8574167190759,15.67929909867873,2.0
73.58386994672702,16.033424878736785,2.0
76.60953883124306,12.695173092973139,2.0
72.05166886169854,18.29714829071708,2.0
66.66455787582862,4.414156424989894,2.0
76.74850992054871,2.854109179149285,2.0
71.79793842559371,11.316392655544426,2.0
61.71476614572381,-8.950846884460226,2.0
57.611145163506436,7.1726786236627955,2.0
60.1077229112624,16.9758180225554,2.0
66.20014130884017,9.93282518518273,2.0
64.40799279262511,16.144053227120647,2.0
67.30322159310542,1.301935875515161,2.0
77.82847044580751,15.88154856691911,2.0
74.46177548209891,13.852469167208213,2.0
65.76322453163974,1.3769411453831282,2.0
69.94424955588771,10.500784077213545,2.0
76.36712651324837,-5.184278881388607,2.0
72.13922621470573,14.165788198297324,2.0
66.12328808726825,1.40512555897838,2.0
76.77882220191407,22.72288557775827,2.0
79.00688068189265,7.595998950093282,2.0
74.12914633646056,12.359241282267607,2.0
83.7198686771434,2.5648222303748813,2.0
59.224621396467604,11.452793218965809,2.0
72.07074122809908,1.1584436244100758,2.0
71.07825585142717,11.015705593125377,2.0
63.68332469787434,10.093821466075145,2.0
73.4216420889909,14.20811583743033,2.0
60.64202273280846,14.605779902596037,2.0
62.555093701280875,10.123459571273324,2.0
62.80009963328585,16.328748495109203,2.0
72.00044259899389,3.741177511086132,2.0
59.36084921511448,6.054902244446037,2.0
74.6016917520125,10.002556775492401,2.0
66.23759202033786,10.680304504864724,2.0
67.48185536638107,10.46782326553718,2.0
56.02782194151899,6.305702797674886,2.0
64.49506145412164,13.523795367066635,2.0
73.4567604927034,17.273542672930873,2.0
61.6442798060675,-0.447142951235886,2.0
77.53174353967896,11.277126643845838,2.0
79.42548524414173,11.898313449553953,2.0
78.66607917282663,5.184353935415378,2.0
65.59167544339762,14.246014069020642,2.0
67.43060974083392,22.00306920856077,2.0
62.403355591848026,12.288337311547899,2.0
69.32004958930689,17.516367632170954,2.0
71.40437795391252,19.943332010036702,2.0
66.45379695710129,11.760396239329781,2.0
80.4011729232951,11.815964592981732,2.0
71.44482840054303,2.3485938930847823,2.0
74.14967209203083,1.0365469141615336,2.0
71.5037316761595,-0.31821665620990025,2.0
64.12974478722677,10.130585894304886,2.0
70.82923121457613,16.41183393023696,2.0
71.23089706241362,6.062507542394671,2.0
84.6530260256815,5.828181704507919,2.0
75.68769551828946,0.6786346009589561,2.0
70.76803026652978,8.241123747634271,2.0
67.91962994997134,5.022511294114889,2.0
68.20193231856788,15.221789507797666,2.0
66.74275670468698,9.77521811616753,2.0
74.9259592711156,0.19726888152183975,2.0
63.13031351763293,9.004907816384451,2.0
76.45340933154957,14.112271671805887,2.0
70.84927057625437,9.559222739418317,2.0
61.400618792141486,15.129806659598827,2.0
70.67215737055373,-1.9142069761549259,2.0
60.3942892065696,13.14096981898667,2.0
62.757925653673254,13.222242282521208,2.0
54.634397536494994,4.453474560367037,2.0
63.6924862880882,13.716622785421094,2.0
69.13250576654377,9.361775703521973,2.0
64.32813486202227,19.32386900253276,2.0
66.9037026560288,21.601657534665385,2.0
74.11346648628363,0.6917931585210493,2.0
78.16101156070422,-1.9817350896717372,2.0
62.50434395137352,10.995186054468466,2.0
72.48545789916969,13.670485768962557,2.0
62.27137610337918,-2.5795758708426337,2.0
68.39643717143768,22.6080532763755,2.0
59.78437399560268,-0.18017836530186315,2.0
58.31079141461687,11.17777638155246,2.0
76.18550626743064,11.53061622002096,2.0
55.52314382136086,11.685233011485497,2.0
71.29462666589798,2.8557438435216795,2.0
62.22137456006509,-2.8715193793114597,2.0
70.09963241530663,13.383221571842503,2.0
57.82882065612725,6.019870473129091,2.0
65.62244188806743,10.06614936232669,2.0
67.09714807097068,12.450634227239288,2.0
84.56645912834986,21.721500323836597,2.0
74.26612406922925,3.2259848172305796,2.0
68.97321468342088,7.011995628989916,2.0
53.334343112217226,8.422218282173475,2.0
73.14378898851949,11.697004484447673,2.0
72.55032557575854,8.218160068620078,2.0
72.62321350628781,5.350027407220034,2.0
72.88843149428335,18.86126772928645,2.0
70.58623120065495,2.8715054509057296,2.0
68.37653709221273,2.3186563263060185,2.0
64.75028315937618,12.61874651067151,2.0
67.99379520813216,12.355516810905016,2.0
73.62566777932595,11.74122651116191,2.0
74.65014094946625,7.489213011545521,2.0
78.34545795121568,3.49163304067633,2.0
73.91832460445542,11.185894861812356,2.0
72.48933010528384,10.172967977870666,2.0
68.02161545071769,12.620256942761797,2.0
68.57204054421933,2.339711428876618,2.0
81.24948448066034,11.254545598805642,2.0
74.21933598902694,10.843825289606599,2.0
80.21697408114707,7.785059768545918,2.0
71.4999818388163,13.240164846637622,2.0
69.5814432494348,4.234829149598591,2.0
76.59028859627368,7.701710671932646,2.0
74.23228351044425,6.094441932177315,2.0
75.58665534315169,-1.5427742937393294,2.0
70.42463052459449,13.312750662987627,2.0
56.129432093573705,21.960103571693743,2.0
72.99766244154058,3.367109068216669,2.0
79.0146249380008,1.9774686195867002,2.0
74.41400508142874,6.423612083727074,2.0
67.87899517416116,2.6079900296907805,2.0
73.65476182694485,7.558705165553204,2.0
62.50528951972506,-0.5759628490438438,2.0
56.57321959325006,4.382288964304829,2.0
65.72672575525431,9.263489858445652,2.0
77.19856213746951,-1.2910237078329203,2.0
67.39588538378432,15.502355864553897,2.0
76.99313098191206,3.515023454832944,2.0
62.09969855891955,18.44490446673791,2.0
63.81832137416083,3.2235998087820485,2.0
66.81383045572866,3.298418612135631,2.0
83.2871596019728,14.419993345768486,2.0
63.19301639810172,0.564967080088568,2.0
72.70263372766578,9.826686780489181,2.0
52.30799102502114,7.903641068830624,2.0
59.23363374818336,-2.291874319153573,2.0
75.73745224469496,1.1903279484757707,2.0
67.92609758779744,-3.274850380704045,2.0
74.13607918180354,3.611123076538897,2.0
77.07521134852344,9.044472228296243,2.0
75.74415416315951,10.573070853768638,2.0
68.85235918348289,16.845417270605886,2.0
74.68335595106076,16.798715006799704,2.0
66.13250190257259,1.2100952974069283,2.0
74.8359732478043,12.624858719125712,2.0
62.93906050500674,4.800875495890077,2.0
70.43967954673907,15.080861341064262,2.0
72.45999260601182,18.995363443794243,2.0
69.35301171718038,6.400616579119272,2.0
78.60979194645596,10.10504731004195,2.0
61.327024166666945,13.114991037414443,2.0
71.11320279097377,15.509893596492988,2.0
83.64823864073668,18.04078235718999,2.0
74.52407535668013,5.798698541887511,2.0
78.06878811578044,11.663671620705891,2.0
69.38012045851417,7.583323635105135,2.0
91.80071128912056,11.459670002117852,2.0
70.95837620698585,15.348351721371857,2.0
86.67307567686355,21.87983221298632,2.0
66.07622999284915,19.39269815632519,2.0
70.16388137362462,13.837382665828773,2.0
79.4838442556827,-0.9518315170628711,2.0
64.97527285927961,7.0412835610369475,2.0
48.52938411602272,26.188533237115454,2.0
72.55801393869368,29.100723060845993,2.0
70.11564010703832,12.871602141628028,2.0
72.27105454472981,8.201922582639925,2.0
71.38067036933789,14.541207131873794,2.0
74.28381454728462,21.483117011970023,2.0
77.58223172496037,6.742987405562538,2.0
66.30925955858666,18.36741124606151,2.0
71.06259954750402,14.500765871214412,2.0
70.1632947228804,17.43302572302276,2.0
57.572380785303864,15.30361381929842,2.0
67.7055012298732,14.119012811618166,2.0
63.27564337520577,15.705208858465905,2.0
70.16224268786078,17.308082616925418,2.0
71.31951251011203,10.703841143710212,2.0
68.31353766100828,10.732942550280193,2.0
69.574215571687,11.633672076327066,2.0
57.0738073649691,6.525908698793249,2.0
67.66843107751086,3.2990494394704424,2.0
70.0391703525334,19.202091415403114,2.0
58.385246886367135,12.510607786816745,2.0
74.23925207040908,12.037498715386679,2.0
80.40123490553184,16.636784300659542,2.0
67.05890097223693,2.5844344818723073,2.0
67.58559016150588,5.758348559439305,2.0
73.820284834024,2.8120157413988602,2.0
83.90222289160758,-4.787745467912986,2.0
78.79061590515497,3.1516659449009436,2.0
60.005153982231214,7.461783359917487,2.0
60.28061683508417,14.86959605781597,2.0
66.55065537139038,23.310774385870285,2.0
66.29066984839262,4.021711241490801,2.0
69.40474192180095,-1.2064526799191846,2.0
77.20299503745507,11.365607478500827,2.0
77.81572124866123,7.681576349968032,2.0
64.88609605098301,2.40325186449932,2.0
70.90363951706749,5.433021392245062,2.0
78.16498265845672,20.75528184340901,2.0
80.26552564514948,19.607211001571095,2.0
67.57933262142315,26.64061438669092,2.0
64.7572430173177,5.771597749096911,2.0
67.49237632872753,-0.6252013580992468,2.0
66.2177411331173,8.134255486547296,2.0
62.52611839012554,14.730104439344164,2.0
64.80918934182469,7.578529429229817,2.0
83.20326764780528,13.99482707432358,2.0
70.18981614662866,11.085412498553687,2.0
64.30671579733946,27.438705846893487,2.0
59.23292733431383,5.008243377718597,2.0
70.64340395609796,8.607967021334625,2.0
74.57472989910833,15.317896925419081,2.0
74.61595302638017,2.7054040017767376,2.0
69.00816464055478,7.518972159288225,2.0
