sp_id,ch_code,cost1,cost2,id
33796,all,15.87,9.49,1
104536,all,46.19,85.78,2
121016,all,40.81,11.7,3
29262,all,47.59,88.43,4
104776,all,47.6,80.41,5
92536,all,46.29,81.58,6
72136,all,45.06,11.85,7
9533,all,11.93,45.74,8
14663,all,36.93,73.92,9
24222,all,43.2,95.56,10
109336,all,41.28,91.61,11
30442,all,36.41,70.96,12
22282,all,11.83,40.56,13
27462,all,43.72,95.41,14
29542,all,41.92,93.66,15
65236,all,47.41,95.84,16
12223,all,42.47,73.35,17
101896,all,46.79,15.43,18
154800,all,47.23,11.17,19
38716,all,47.85,87.8,20
130696,all,44.73,87.44,21
53116,all,44.24,91.07,22
26562,all,46.11,88.97,23
38836,all,47.34,15.86,24
65476,all,41.89,91.79,25
57316,all,21.98,30.9,26
26622,all,36.34,75.72,27
164240,all,42.52,83.71,28
51316,all,42.64,11.72,29
59596,all,45.1,11.03,30
15413,all,16.15,23.53,31
14393,all,16.2,9.44,32
156560,all,43.58,15.77,33
39436,all,43.35,10.35,34
16043,all,44.36,10.41,35
55996,all,41.54,93.33,36
166800,all,38.63,72.7,37
10943,all,45.66,10.77,38
8903,all,33.3,88.18,39
8393,all,46.47,81.28,40
13013,all,44.67,89.82,41
39796,all,47.92,15.87,42
8933,all,36.29,72.33,43
19962,all,43.28,92.48,44
147185,all,42.52,16.29,45
132465,all,42.62,10.2,46
151025,all,47.08,85.24,47
121081,all,47.26,16.91,48
113161,all,41.46,75.8,49
113881,all,42.88,10.9,50
77161,all,41.38,81.3,51
93881,all,44.03,16.84,52
127081,all,40.02,90.65,53
111401,all,41.22,10.24,54
135090,all,20.47,30.38,55
148275,all,47.58,83.36,56
141395,all,47.55,10.62,57
52381,all,46.93,11.13,58
96586,all,17.74,9.11,59
84586,all,44.82,87.37,60
42301,all,40.38,91.75,61
54661,all,44.85,11.46,62
38341,all,39.19,75.45,63
56821,all,46.21,16.77,64
54781,all,40.5,81.11,65
38581,all,22.27,39.5,66
162900,all,44.25,10.03,67
81466,all,47.63,17.49,68
110906,all,47.87,85.23,69
94666,all,43.19,11.85,70
156660,all,43.66,15.6,71
78346,all,41.98,10.46,72
91226,all,42.67,91.26,73
79066,all,42.88,15.52,74
60061,all,22.73,35.64,75
55981,all,40.18,89.14,76
99706,all,40.22,89.12,77
64381,all,46.81,11.52,78
124666,all,40.07,11.7,79
120586,all,22.53,32.98,80
75706,all,47.5,11.68,81
124906,all,46.97,83.8,82
161205,all,40.12,95.01,83
161685,all,44.25,15.77,84
138645,all,43.84,11.94,85
80251,all,45.35,89.5,86
84811,all,21.29,33.61,87
117691,all,40.15,11.34,88
109771,all,22.23,34.73,89
85291,all,20.85,30.73,90
146070,all,35.29,88.93,91
73531,all,43.15,11.65,92
94171,all,22.83,37.54,93
114811,all,43.67,87.45,94
102811,all,43.61,91.63,95
99211,all,43.18,92.78,96
91291,all,45.24,82.03,97
66811,all,46.7,86.63,98
111931,all,36.83,83.45,99
79531,all,43.72,89.49,100
137175,all,41.82,84.36,101
147255,all,45.38,82.43,102
164535,all,40.62,16,103
79996,all,23.5,32.77,104
36046,all,40.19,11.07,105
84556,all,43.25,11.79,106
26307,all,44.88,10.76,107
56806,all,41.97,86.13,108
105436,all,45.72,10.04,109
54886,all,44.13,91.12,110
26427,all,43.19,17.39,111
81196,all,43.38,10.44,112
30567,all,42.43,11.45,113
81356,all,43.38,10.45,114
162840,all,44.22,10.02,115
122476,all,34.37,90.35,116
138840,all,45.64,94.49,117
94156,all,38.69,71.07,118
102476,all,37.34,71.91,119
26667,all,43.63,10.79,120
47206,all,40.06,72.08,121
65836,all,17.56,8.61,122
53446,all,43.66,90.41,123
78476,all,41.88,11.85,124
33166,all,38.1,80.44,125
119596,all,44.31,11.42,126
30927,all,40.8,16.74,127
28887,all,15.23,8.64,128
17667,all,45.05,10.77,129
57886,all,44.53,11.57,130
107596,all,41.24,74.81,131
24867,all,47.47,91.36,132
55966,all,40.04,78.27,133
79276,all,41.69,10.2,134
150360,all,22.62,35.3,135
30087,all,46.53,83.52,136
142680,all,43.41,95.89,137
71356,all,43.29,92.09,138
58366,all,37.76,78.2,139
147705,all,41.09,11.75,140
150585,all,42.65,10.13,141
150905,all,20.74,31.06,142
125581,all,44.75,88.55,143
80701,all,44.03,95.8,144
145050,all,23.87,30.98,145
161850,all,45.94,80.73,146
126061,all,16.55,45.03,147
163290,all,21.93,32.76,148
140250,all,40.92,83.35,149
78541,all,44.39,90.61,150
132570,all,43.85,11.45,151
103261,all,40.89,88.89,152
91261,all,10.19,40.42,153
87181,all,43.39,95.16,154
112381,all,42.03,91.82,155
162875,all,42.49,84.93,156
131835,all,42.56,11.21,157
166875,all,40.37,15.31,158
35911,all,43.77,11.56,159
129166,all,47.85,80.07,160
96526,all,47.4,91.25,161
54511,all,40.58,86.26,162
144540,all,44.84,16.44,163
161340,all,22.34,35.64,164
42391,all,43.93,94.72,165
52711,all,43.77,17.4,166
126046,all,41.04,82.53,167
65271,all,44.47,81.73,168
59311,all,42.94,93.83,169
94046,all,43.86,16.15,170
57271,all,47.6,80.34,171
147420,all,47.63,93.73,172
47151,all,47.3,16.02,173
94366,all,38.83,74.87,174
123166,all,40.35,10.29,175
78286,all,46.85,87.69,176
55591,all,41.08,10.03,177
82606,all,45.54,95.22,178
111406,all,43.21,10.46,179
82846,all,15.14,9.05,180
149340,all,21.77,31.5,181
133980,all,36.69,80.64,182
120286,all,31.36,95.07,183
100126,all,45.03,95.87,184
62431,all,44.97,15.83,185
60391,all,42.29,70.27,186
141885,all,41.1,11.97,187
75871,all,43.65,86.15,188
88831,all,42.15,17.74,189
147390,all,42.61,10.2,190
65551,all,42.1,87.93,191
123871,all,23.07,32.36,192
124111,all,46.52,83.44,193
120271,all,46.25,95.95,194
154815,all,42.35,92.88,195
67936,all,38.25,81.73,196
11068,all,41.09,91.1,197
11108,all,46.5,10.74,198
114176,all,40.82,10.51,199
17392,all,44.5,17.5,200
23692,all,47.38,11.2,201
16632,all,37.34,71.17,202
99376,all,46.51,11.43,203
60096,all,44.59,16.83,204
165345,all,41.15,77.68,205
167265,all,41.58,71.99,206
119041,all,44.62,82.02,207
167715,all,21.6,31.69,208
144420,all,21.05,33.23,209
69106,all,42.4,88.4,210
61561,all,43.06,11.33,211
80611,all,46.04,11.83,212
123571,all,39.21,76.17,213
51346,all,41.63,85.05,214
105301,all,43.51,82.09,215
107446,all,31.39,94.18,216
76231,all,45.33,10.25,217
86311,all,22.99,30.04,218
83671,all,15,8.01,219
28174,all,43.68,11.14,220
24174,all,42.91,75.9,221
12659,all,45.48,11.7,222
62940,all,41.4,95.52,223
137136,all,42.68,95.27,224
9089,all,43.55,95.94,225
44580,all,37.27,72.73,226
105784,all,43.3,90.47,227
30574,all,41.51,10.45,228
9659,all,45.85,17.82,229
138576,all,40.51,82.26,230
9689,all,47.76,81.04,231
30654,all,45.52,89.12,232
53140,all,40.53,81.63,233
32754,all,15.4,8.72,234
16434,all,46.96,10.64,235
61540,all,17.23,8.44,236
37060,all,45.67,87.61,237
47340,all,43.78,91.38,238
14399,all,23.1,34.7,239
17574,all,47.57,15.99,240
59740,all,47.3,85.17,241
49540,all,43.96,15.36,242
90904,all,23.47,35.46,243
87064,all,22.88,33.2,244
17754,all,46.37,91.92,245
8879,all,42.89,15.33,246
10949,all,35.45,85.03,247
35700,all,32.91,85.52,248
167376,all,45.36,16.3,249
41860,all,40.27,81.58,250
19914,all,16.48,9.07,251
35740,all,40.41,80.99,252
16109,all,45.44,10.3,253
30174,all,39.14,73.28,254
13049,all,42.49,85.74,255
151536,all,47.93,16.2,256
135921,all,40.61,11.73,257
144561,all,41.83,11.49,258
146001,all,44.01,10.56,259
154641,all,36.83,77.4,260
156561,all,46.01,10.66,261
116809,all,43.9,91.37,262
112729,all,46.77,16.46,263
88489,all,23.13,31.27,264
160626,all,45.7,10.7,265
113209,all,36.32,71.52,266
109129,all,42.44,10.23,267
88969,all,45.02,85.92,268
113929,all,16.44,8.65,269
154386,all,45.51,11.67,270
118249,all,15.76,9.29,271
106249,all,43.38,90.43,272
147186,all,42.1,17.64,273
99049,all,45.88,11.12,274
71449,all,16.21,9.39,275
132051,all,39.81,83.56,276
151251,all,45.81,90.03,277
92314,all,20.76,35.1,278
108874,all,17.37,43.14,279
50485,all,47.62,11.15,280
84634,all,41.14,79.18,281
52645,all,16.74,8.69,282
161556,all,45.35,94.47,283
56845,all,45.96,11.04,284
81034,all,40.41,10.79,285
36565,all,46.46,89.77,286
118234,all,47.94,82.42,287
61285,all,41.39,87.86,288
106634,all,41.02,10.94,289
106714,all,44.06,11.36,290
164436,all,47.29,92.03,291
70474,all,47.2,95.73,292
47605,all,41.7,80.39,293
74794,all,44.04,87.74,294
49885,all,44.58,10.51,295
150516,all,45.01,10.09,296
37645,all,43.25,10.71,297
116314,all,42.44,79.05,298
134676,all,21.53,40.27,299
160181,all,46.63,10.52,300
140181,all,40.71,11.85,301
140661,all,11.97,44.64,302
166581,all,40.72,10.75,303
129499,all,10.33,43.98,304
93019,all,46.58,84.08,305
125899,all,46.57,93.89,306
162006,all,46.97,85.87,307
85339,all,47.6,82.06,308
138006,all,43.34,10.18,309
97819,all,47.17,93.56,310
77419,all,44.68,11.58,311
130699,all,22.15,35.3,312
164406,all,45.32,17.44,313
90619,all,34.9,81.9,314
123499,all,45.87,10.63,315
99019,all,42.41,10.54,316
135831,all,43.03,81.11,317
153591,all,41.91,81.45,318
164631,all,42.62,16.01,319
134391,all,40.35,15,320
116764,all,44.14,11.04,321
31299,all,41.21,93.19,322
104764,all,45.28,83.86,323
58630,all,42.72,90.52,324
50470,all,46.92,10.7,325
32439,all,43.9,11.25,326
113404,all,42.09,82.91,327
88924,all,35.65,89.36,328
34270,all,42.05,17.87,329
54790,all,40.65,15.43,330
17199,all,45.37,81.75,331
122044,all,45.67,93.03,332
46750,all,15.13,45.92,333
81244,all,45.66,84.26,334
21399,all,43.39,10.39,335
53110,all,43.06,85.66,336
38830,all,10.54,44.65,337
61390,all,44.05,95.61,338
20499,all,46.11,81.32,339
53350,all,47.33,10.91,340
26679,all,44.16,17.2,341
47230,all,42.21,11.05,342
45190,all,15.03,8.54,343
63670,all,41.93,88.2,344
59590,all,20.21,34.72,345
24679,all,39.57,72.77,346
156696,all,44.64,83.43,347
39190,all,41.5,10.58,348
70444,all,40.98,82.12,349
55750,all,40.95,85.92,350
25839,all,42.42,10.54,351
23799,all,44.96,11.16,352
16659,all,33.08,84.16,353
32019,all,39.38,81.39,354
53830,all,16.41,8.13,355
41590,all,41.61,72.49,356
128284,all,37.65,79.77,357
111964,all,43.59,15.65,358
108124,all,15.46,8.13,359
91804,all,45.61,11.13,360
26079,all,47.98,81.77,361
167001,all,16.62,8.8,362
116749,all,42.64,76.83,363
75949,all,21.35,35.65,364
113389,all,42.82,76.57,365
81229,all,47.13,83.34,366
122509,all,41.75,93.95,367
164346,all,33.02,95.74,368
164666,all,43.3,11.86,369
78349,all,41.31,11.65,370
111949,all,32.93,92.44,371
71389,all,39.25,72.55,372
128749,all,43.72,87.45,373
162171,all,45.93,10.08,374
131451,all,47.74,11.21,375
158171,all,45.08,11.24,376
167931,all,43.1,85.72,377
38095,all,47.02,10.28,378
40255,all,43.04,10.32,379
136956,all,40.42,88.65,380
44815,all,47.03,90.42,381
38695,all,35.33,94.79,382
102094,all,44.32,81.82,383
94414,all,37.52,83.77,384
131676,all,44.15,85.47,385
47335,all,40.83,16.53,386
61695,all,45.07,88.1,387
127534,all,10.81,47.39,388
82894,all,45.32,82.03,389
41655,all,37.67,78.8,390
143196,all,16.67,9.08,391
165981,all,15.35,9.44,392
164286,all,36.1,77.29,393
74479,all,45.58,10.9,394
151326,all,17.86,8.64,395
154911,all,44.42,10.36,396
167391,all,41.02,10.78,397
13064,all,39.46,75.52,398
11534,all,10.73,46.86,399
151776,all,41.79,83.55,400
8474,all,30.58,85.46,401
1765,all,42.17,11.58,402
31344,all,22.23,40.58,403
12104,all,43.12,88.14,404
24264,all,46.54,17.37,405
9574,all,40.34,74.83,406
5303,all,42.98,81.89,407
727,all,45.23,11.05,408
32484,all,44.68,82.58,409
30444,all,41.39,90.36,410
14714,all,43.77,82.19,411
22344,all,43.55,16.52,412
9754,all,40.98,80.26,413
103184,all,41.02,94.53,414
99904,all,46.99,86.8,415
134336,all,20.94,35.7,416
15584,all,39.75,77.43,417
9964,all,31.52,89.15,418
89009,all,37.17,83,419
77314,all,46.95,82.32,420
48025,all,31.04,80.8,421
19869,all,42.8,74.78,422
149961,all,44.07,10.87,423
116389,all,42.25,70.66,424
152331,all,41.06,17.34,425
42355,all,45.86,10.92,426
138606,all,36.85,71.65,427
150126,all,11.1,41.54,428
18958,all,41.71,94.42,429
88120,all,44.38,84.26,430
54388,all,42.3,89.13,431
100840,all,42.5,94.11,432
24198,all,20.17,30.79,433
9551,all,45.04,10.87,434
34108,all,20.61,31.76,435
30378,all,43.5,10.71,436
15191,all,22.52,34.73,437
68440,all,47.22,17.89,438
64948,all,41.69,93.48,439
16241,all,44.22,10.26,440
9611,all,44.63,15.95,441
24378,all,45.55,89.86,442
46708,all,47.67,16.71,443
22338,all,44.03,10.36,444
145968,all,41.82,15.63,445
163088,all,43.36,17.34,446
14291,all,45.05,82.53,447
46948,all,40.01,90.88,448
17358,all,33.54,80.99,449
57268,all,46.19,11.18,450
14321,all,22.72,31.26,451
65560,all,20.05,34.03,452
110680,all,20.15,30.29,453
59548,all,43.08,10.38,454
45268,all,45.24,81.64,455
70120,all,22.08,33.66,456
31938,all,11.85,41.61,457
30918,all,47.32,83.38,458
82840,all,21.82,32,459
70600,all,46.29,10.85,460
14471,all,46.42,94.39,461
11921,all,15.32,43.99,462
33388,all,41.21,11.08,463
55948,all,42.35,15.76,464
10931,all,43.41,10.66,465
22938,all,43.71,95.34,466
24018,all,45.86,87.27,467
10991,all,21.43,34.55,468
35788,all,42.28,17.01,469
112600,all,44.23,80.89,470
144273,all,41.26,81.55,471
162833,all,46.04,10.86,472
147153,all,42.68,80.76,473
135153,all,42.31,92.8,474
80665,all,41.03,74.18,475
113465,all,37.47,75.29,476
81145,all,47.64,11.03,477
109945,all,33.69,82.42,478
105865,all,40.86,11.21,479
82025,all,37.48,71,480
82105,all,45.68,16.41,481
142418,all,44.72,15.4,482
108265,all,41.01,80.56,483
96025,all,42.55,86.29,484
164403,all,40.05,84.97,485
150003,all,46.33,88.68,486
150483,all,39.54,76.69,487
42093,all,44.24,10.31,488
104890,all,47.99,89.14,489
40173,all,44.15,17.24,490
121450,all,38.94,70,491
117850,all,11.91,40.99,492
130330,all,47.53,88.06,493
40693,all,40.92,84.05,494
77290,all,41.36,10.11,495
46933,all,45.23,88.34,496
42853,all,46.77,10.7,497
57493,all,46.26,82.15,498
39133,all,46.51,11.87,499
33133,all,46.77,91.87,500
49573,all,21.22,32.12,501
70490,all,15.87,8.67,502
166068,all,47.72,10.06,503
70810,all,47.8,11.17,504
158388,all,42.14,10.52,505
60133,all,47.35,11.97,506
148053,all,44.05,83.55,507
150453,all,47.01,11.24,508
121195,all,43.86,11.45,509
113035,all,42.5,82.03,510
113275,all,21.07,31.4,511
161238,all,40.68,10.49,512
93115,all,43.88,11.61,513
68795,all,46.85,10.44,514
154038,all,16.91,47.08,515
69115,all,33.62,84.88,516
155478,all,33.94,87.15,517
102955,all,43.29,11.6,518
140438,all,37.25,79.6,519
103675,all,44.7,17.2,520
71275,all,30.46,86.55,521
67435,all,46.81,11.56,522
108475,all,40.14,91.86,523
149943,all,16.91,9.45,524
96460,all,32.4,91.39,525
24183,all,45.2,88.27,526
40198,all,42.75,84.13,527
38158,all,21.51,35.8,528
18063,all,40.92,81.59,529
34078,all,46.61,93.87,530
52678,all,38.55,76.5,531
40438,all,11.14,42.87,532
38638,all,45.31,10.99,533
97900,all,17.08,8.53,534
38758,all,40.59,89.3,535
130780,all,42.03,11.32,536
31683,all,46.83,17.45,537
55318,all,46.51,80.2,538
131448,all,44.07,10.8,539
61558,all,44.72,10.55,540
41158,all,41.9,17.55,541
17523,all,46.47,94.23,542
63718,all,31.82,82.07,543
66220,all,47.01,10.63,544
157848,all,42.06,84.46,545
103580,all,44.77,11.4,546
39718,all,45.69,89.9,547
100060,all,46.29,11.24,548
43918,all,46.04,11.12,549
60358,all,42.49,86.22,550
112540,all,34.6,80.86,551
140793,all,45.05,94.28,552
135033,all,42.15,11.98,553
155418,all,44.63,10.05,554
78365,all,47.83,94.48,555
107245,all,21.77,31.5,556
91405,all,46.68,11.78,557
71005,all,34.92,90.9,558
83405,all,42.4,94.38,559
166938,all,47.78,10.2,560
79645,all,42.87,81.47,561
120685,all,40.82,16.22,562
135963,all,44.72,81.24,563
154203,all,44,95.77,564
146043,all,36.42,79.86,565
142683,all,43.9,10.62,566
143003,all,30.7,85.2,567
159483,all,46.75,10.61,568
168348,all,42.05,91.5,569
62623,all,42.67,93.4,570
136668,all,43.29,93.1,571
36223,all,46.11,86.69,572
121630,all,41.57,10.99,573
109390,all,32.12,87.89,574
145308,all,44.77,15.59,575
65023,all,30.98,93.52,576
61143,all,46.09,11.74,577
154908,all,31.59,94.31,578
118750,all,43.37,11.59,579
55303,all,44.15,17.52,580
155708,all,42.76,74.25,581
45223,all,46.72,82.1,582
148668,all,47.06,11.11,583
70270,all,47.18,90.83,584
127870,all,43.49,15.02,585
103390,all,42.43,16.84,586
47623,all,43.2,11.03,587
57943,all,47.44,86.95,588
39783,all,23.12,32.71,589
80575,all,44.84,93.65,590
125935,all,47.41,95.45,591
126175,all,47.38,10.02,592
101615,all,43.11,72.58,593
149598,all,45.47,11.02,594
103855,all,42.8,10.69,595
100015,all,45.94,82.74,596
143583,all,37.49,78.63,597
164703,all,32.83,81.25,598
5519,all,45.93,11.75,599
104800,all,47.05,11.33,600
22108,all,46.9,11.36,601
76240,all,41.07,10.44,602
20088,all,44.45,11.47,603
64768,all,42.6,93.23,604
197,all,40.18,10.58,605
54688,all,43.1,11.14,606
3435,all,41.13,15.42,607
77360,all,40.23,10.53,608
81520,all,45.13,10.17,609
24528,all,46.33,93.86,610
63408,all,38.34,72.71,611
6939,all,38.8,75.99,612
55608,all,17.04,8.58,613
5949,all,42.98,17.13,614
150528,all,44.77,10.66,615
5219,all,40.75,10.97,616
99920,all,42.4,81.31,617
8426,all,40.41,17.71,618
148193,all,36.16,78.57,619
161378,all,20.43,33.85,620
89185,all,44.32,92.72,621
90545,all,36.18,79.83,622
103330,all,37.18,75.89,623
30513,all,40.64,17.99,624
31713,all,44.68,17.3,625
28113,all,32.04,85.13,626
135273,all,45.89,85.1,627
42883,all,46.98,10.83,628
60163,all,43.93,93.85,629
74215,all,32.17,93.56,630
58372,all,23.77,31.74,631
8477,all,41.24,11.52,632
52372,all,43.29,81.39,633
18030,all,21.96,35.9,634
152784,all,45.3,11.06,635
26290,all,46.56,10.15,636
88888,all,16.88,8.08,637
19170,all,46.69,15.71,638
54732,all,44.86,10.82,639
14207,all,45.04,93.8,640
130168,all,47.88,11.96,641
15257,all,46.98,11.48,642
42652,all,43.24,92.93,643
130408,all,15.19,9.37,644
122488,all,45.14,94.47,645
9707,all,42.64,91.05,646
73768,all,47.67,84.29,647
8207,all,39.81,79.71,648
21570,all,44.56,83.4,649
63652,all,47.2,88.27,650
51412,all,46.15,85.3,651
28810,all,45.5,10.37,652
8267,all,43.5,83.5,653
9827,all,41.17,10.08,654
17610,all,41.49,94.76,655
33172,all,41.59,10.55,656
49612,all,20.55,33.81,657
39412,all,44.04,87.89,658
123928,all,40.1,10.53,659
49732,all,47.98,80.37,660
120088,all,40.5,16.9,661
11447,all,11.59,43.87,662
116248,all,10.36,45.21,663
11987,all,40.92,85.85,664
56212,all,41.64,74.43,665
13037,all,44.68,11.23,666
137649,all,45.53,11.99,667
132849,all,22.7,34.65,668
165969,all,41.6,11.84,669
121033,all,40.46,80.94,670
92873,all,45.17,85.17,671
65593,all,21.13,30.67,672
86153,all,31.59,80.11,673
86953,all,45.88,89.32,674
150834,all,42.06,10.69,675
147699,all,43.17,70.58,676
131379,all,47.53,11.25,677
156659,all,17.27,8.17,678
48277,all,30.64,85.06,679
38197,all,46.47,82.77,680
54717,all,40.78,10.11,681
56797,all,43.48,10.95,682
126058,all,10.17,46.88,683
38797,all,41.61,85.41,684
114538,all,21.06,34.08,685
65517,all,42.41,11.81,686
65578,all,15.68,8.03,687
127018,all,47.17,11.15,688
86218,all,20.33,32.56,689
119098,all,40.48,91.68,690
33037,all,43.6,85.24,691
47557,all,20.03,38.58,692
149364,all,41.63,11.64,693
107578,all,36.29,77.27,694
79018,all,42.17,90.22,695
57997,all,47.3,94.19,696
55957,all,41.6,81.46,697
64477,all,41.21,87.58,698
152949,all,45.51,11,699
145269,all,22.69,31.63,700
147669,all,45.15,10.63,701
167349,all,46.73,17.01,702
96283,all,43.62,11.57,703
125563,all,40.51,80.71,704
84763,all,11.05,47.71,705
84923,all,20.82,31.51,706
106363,all,36.99,78.02,707
139254,all,41.71,88.01,708
119563,all,44.52,11.46,709
83563,all,43.66,16.11,710
142614,all,47.34,10.49,711
152439,all,44.04,84.06,712
146679,all,21.2,33.99,713
148119,all,34.32,86.32,714
139959,all,46,16.83,715
26115,all,45.44,10.49,716
92188,all,41.28,88.12,717
62502,all,45.8,16.93,718
31275,all,23.3,33.24,719
58462,all,44.29,11.51,720
27195,all,41.4,10.49,721
48262,all,44.03,11.89,722
33982,all,41.29,83.02,723
38182,all,22.34,35.17,724
113308,all,44.32,86.83,725
84988,all,34.32,85.48,726
61102,all,45.35,81.14,727
25455,all,43.09,10.11,728
162744,all,47.26,10.32,729
46942,all,47.97,80.49,730
32715,all,16.45,9.4,731
18435,all,47.24,10.64,732
32782,all,41.13,10.25,733
26655,all,37.77,83.28,734
51262,all,22.31,30.82,735
24615,all,38.98,76.33,736
29775,all,20.64,30.13,737
123628,all,40.11,11.29,738
30915,all,45.55,82.44,739
149304,all,34.39,89.11,740
70588,all,43.01,74.81,741
47662,all,40.08,80.57,742
142104,all,45.11,10.42,743
25995,all,10.63,46.2,744
75388,all,47.97,11.67,745
60382,all,47.45,91.46,746
148569,all,40.35,83.67,747
141369,all,42.39,10.79,748
167289,all,47.01,80.7,749
143514,all,42.65,87.72,750
71933,all,43.46,15.43,751
113293,all,42.62,11.03,752
109213,all,41.17,89.1,753
144954,all,44.26,11.05,754
105613,all,43.29,10.02,755
122173,all,45.49,82.97,756
130733,all,43.95,17.37,757
127693,all,46.79,11.03,758
115453,all,41.37,83.35,759
159354,all,42.59,11.29,760
151739,all,41.98,71.4,761
162939,all,44.45,84.69,762
132539,all,20.96,34.66,763
133659,all,40.97,95.76,764
116878,all,41.85,11.66,765
80078,all,40.85,10.78,766
108958,all,42.23,81.18,767
34047,all,42.64,11.88,768
40207,all,34.18,86.01,769
56647,all,36.15,71.41,770
137244,all,21.82,31.93,771
130318,all,41.84,84.01,772
50887,all,36.28,83.73,773
81358,all,42.91,11.62,774
38647,all,30.35,80.92,775
51007,all,20.6,35.51,776
102478,all,40.11,80.15,777
45247,all,21.98,30.57,778
103198,all,47.64,93.08,779
78958,all,47.9,17.38,780
62127,all,21.18,33.05,781
120238,all,40.45,10.77,782
81343,all,44.99,11.93,783
139614,all,34.05,82.31,784
131934,all,45.96,10.47,785
91183,all,43.07,11.57,786
96223,all,47.43,10.21,787
3654,all,16.57,9.15,788
32340,all,45.62,10.06,789
58552,all,22.2,35.06,790
4044,all,47.08,86.76,791
104848,all,17.55,8.05,792
96688,all,41.3,88.19,793
13112,all,37.66,81.99,794
48352,all,36.74,83.41,795
3279,all,42.73,72.84,796
23160,all,47.77,80.27,797
3024,all,35.93,81.32,798
80528,all,20.41,33.33,799
6572,all,47.23,81.7,800
535,all,44.2,11.68,801
2274,all,45.29,90.09,802
93808,all,42.76,87.13,803
13282,all,41.94,95.63,804
30940,all,40.47,10.46,805
585,all,38.83,81.08,806
136034,all,40.93,87.31,807
163074,all,46.81,11.19,808
94193,all,43.21,18,809
65713,all,41.61,83.3,810
145284,all,46.54,15.8,811
164484,all,39.14,75.03,812
92098,all,41.12,15.44,813
134469,all,37.89,83.43,814
43162,all,43.76,11.18,815
63922,all,43.66,17.56,816
46147,all,36.91,77.75,817
63547,all,43.23,88.21,818
151374,all,40.98,11.42,819
42004,all,43.65,10.53,820
17946,all,42.95,87.34,821
16926,all,22.01,34.41,822
58444,all,45.46,10.03,823
13085,all,42.89,92.7,824
60604,all,45.13,10.51,825
52564,all,47.22,11.66,826
20166,all,33.14,89.36,827
16235,all,43.19,10.58,828
56764,all,40.92,15.43,829
9595,all,45.87,15.33,830
62964,all,23.78,34.78,831
30486,all,38.15,79.74,832
24366,all,39.37,79.65,833
72952,all,43.6,89.82,834
97672,all,23.25,32.42,835
73432,all,41.92,17.84,836
114472,all,46.72,80.8,837
11255,all,42.23,17.29,838
36844,all,40.81,11.5,839
9215,all,41.96,89.37,840
118792,all,40.69,10.39,841
148112,all,44.02,10.32,842
148272,all,23.26,32.52,843
78472,all,45.6,91.23,844
10325,all,40.94,92.48,845
12905,all,46.03,17.01,846
149712,all,39.52,73.46,847
31026,all,46.91,10.01,848
79192,all,17.16,9.22,849
28026,all,42.55,17.28,850
25986,all,21.87,34.89,851
12485,all,42.62,87.56,852
9425,all,38.16,75.47,853
28086,all,41.26,94.2,854
41884,all,44.36,83.5,855
60364,all,42.61,72.49,856
19966,all,46.98,82.6,857
136017,all,44.86,17.92,858
145137,all,43.75,10.05,859
129257,all,41.62,16.1,860
121417,all,41.81,83.79,861
136722,all,46.34,17.83,862
68377,all,17.43,8.02,863
89257,all,16.98,8.59,864
85177,all,45.62,89.4,865
154002,all,23.52,30.09,866
77017,all,11.79,42.2,867
106057,all,10.85,41.56,868
110617,all,30.61,82.71,869
123017,all,16.71,9.59,870
131442,all,34.17,82.12,871
86377,all,41.88,10.3,872
111017,all,45.27,88.81,873
99577,all,42.61,11.65,874
120697,all,38.04,81.8,875
92137,all,45.74,85.06,876
152787,all,42.73,87.54,877
158387,all,40.02,17.13,878
54469,all,46.99,83,879
50389,all,46.2,87.35,880
113242,all,43.03,11.23,881
136692,all,47.84,17.77,882
105562,all,43.25,95.7,883
105802,all,42.41,82.13,884
36589,all,40.88,83.56,885
42829,all,41.88,10.79,886
102362,all,47.94,91.33,887
86122,all,47.43,15.12,888
127162,all,40.06,86.19,889
32869,all,45.91,11.78,890
63589,all,43.12,89.69,891
43429,all,40.9,10.78,892
70522,all,47.97,11.08,893
87082,all,45.98,11.66,894
91402,all,42.65,10.67,895
60109,all,44.06,89.03,896
99802,all,40.94,11.02,897
95722,all,23.11,31.73,898
39709,all,40.39,17.81,899
41869,all,40.95,87.51,900
135477,all,41.19,92.05,901
71947,all,47.7,11.48,902
92827,all,45.73,81.99,903
109387,all,40.86,84.69,904
72667,all,23.87,30.87,905
137622,all,47.69,11.96,906
87067,all,40.34,92.59,907
120347,all,45.39,11.14,908
142422,all,44.65,16.36,909
100267,all,47.94,86.83,910
146967,all,42.75,80.06,911
141207,all,42.36,91.83,912
166167,all,36.78,70.52,913
29271,all,10.73,42.26,914
50374,all,44.47,90.53,915
109532,all,22.91,33.54,916
31491,all,47.24,85.79,917
137592,all,42.36,15.88,918
105932,all,46.2,94.28,919
114172,all,33.64,86.15,920
61294,all,43.56,10.11,921
29631,all,17.65,9.11,922
85852,all,22.94,35.59,923
34774,all,44.96,17.27,924
65494,all,46.46,16.4,925
47134,all,45,10.83,926
23571,all,40.92,11.78,927
34894,all,47.6,83.46,928
29751,all,44.55,85.11,929
70012,all,43.53,80.41,930
23671,all,33.34,92.59,931
35134,all,20.86,35.43,932
30951,all,10.25,43.31,933
17731,all,38.23,77.68,934
79132,all,39.91,83.61,935
28111,all,46.53,16.97,936
68077,all,40.62,82.33,937
121597,all,23.03,35.45,938
130397,all,47.65,89.7,939
87277,all,43.4,94.39,940
120397,all,46.17,11.49,941
142842,all,45.96,10.72,942
143867,all,32.17,91.59,943
62479,all,41.77,11.95,944
58399,all,41.46,80.47,945
80062,all,40.32,10.94,946
92542,all,11.45,42.99,947
58959,all,42.37,10.48,948
57079,all,11.28,42.88,949
48919,all,42.08,11.24,950
73342,all,45.56,87.19,951
55159,all,30.78,93.01,952
147132,all,30.18,82.43,953
65479,all,46.42,11.69,954
36879,all,22.36,33.01,955
106702,all,40.26,92.58,956
58119,all,36.55,81.73,957
75742,all,20.95,33.4,958
85567,all,42.16,10.2,959
65567,all,46.72,84.47,960
90367,all,43.98,80.93,961
131742,all,22.85,35.78,962
156702,all,41.33,17.41,963
140862,all,40.06,10.13,964
127807,all,42.53,11.87,965
91007,all,42.56,93.22,966
107567,all,40.18,72.49,967
142782,all,46.62,85.76,968
120607,all,46.38,82.28,969
88432,all,46.53,86.75,970
121232,all,36.61,79.31,971
15170,all,46.85,84.91,972
15200,all,46.19,17.43,973
9590,all,40.05,10.7,974
1967,all,39.83,82.19,975
300,all,17.96,8.62,976
8230,all,42.21,15.58,977
5141,all,15.94,8.19,978
7716,all,47.4,90.3,979
14920,all,44.25,11.39,980
14960,all,37.32,79.23,981
12940,all,47.68,10.58,982
71152,all,44.09,16.04,983
28056,all,20.74,32.25,984
135072,all,44.19,10.19,985
152772,all,15.39,9.52,986
89362,all,47.43,10.9,987
93187,all,40.02,80.55,988
103267,all,47.47,11.2,989
120307,all,41.85,11.2,990
150087,all,40.2,94.79,991
57274,all,43.15,17.4,992
28881,all,45.4,83.19,993
149832,all,43.66,91.13,994
133962,all,40.14,78.3,995
124837,all,42.85,10.34,996
36379,all,47.44,10.08,997
35299,all,41.07,10.29,998
94087,all,44.72,11.71,999
115207,all,40.06,89.03,1000
