date,item_id,cate_id,cate_level_id,brand_id,supplier_id,pv_ipv,pv_uv,cart_ipv,collect_uv,num_gmv,amt_gmv,qty_gmv,unum_gmv,amt_alipay,num_alipay,qty_alipay,unum_alipay,ztc_pv_ipv,tbk_pv_ipv,ss_pv_ipv,jhs_pv_ipv,ztc_pv_uv,tbk_pv_uv,ss_pv_uv,jhs_pv_uv,num_alipay_njhs,amt_alipay_njhs,qty_alipay_njhs,unum_alipay_njhs,cart_uv,id
2014/10/4,86953,17,12,420,1798,89,63,0,0,0,0,0,0,0,0,0,0,0,0,8,0,0,0,7,0,0,0,0,0,0,975
2014/10/4,39412,7,12,203,840,34,29,1,1,0,0,0,0,0,0,0,0,0,0,7,0,0,0,7,0,0,0,0,0,1,976
2014/10/4,161378,13,1,498,573,4961,2257,149,79,101,258363,101,91,84668,75,75,75,0,0,432,0,0,0,330,0,75,84668,75,75,115,977
2014/10/4,21570,39,12,682,1862,5,3,0,2,0,0,0,0,0,0,0,0,0,0,0,0,0,0,0,0,0,0,0,0,0,978
2014/10/4,81196,30,11,143,600,6,6,0,0,0,0,0,0,0,0,0,0,0,0,2,0,0,0,2,0,0,0,0,0,0,979
2014/10/4,133659,17,12,422,51,6,4,0,0,0,0,0,0,0,0,0,0,0,0,0,0,0,0,0,0,0,0,0,0,0,980
2014/10/4,130408,22,4,574,690,26,15,0,0,0,135,0,0,67,0,0,0,0,0,2,0,0,0,2,0,0,67,0,0,0,981
2014/10/4,32715,16,4,443,1269,0,0,0,0,0,0,0,0,0,0,0,0,0,0,0,0,0,0,0,0,0,0,0,0,0,982
2014/10/4,60604,30,11,298,996,47,20,0,0,2,4097,2,1,587,1,1,1,0,0,1,0,0,0,1,0,1,587,1,1,0,983
2014/10/4,70810,37,11,485,1963,102,63,0,2,0,0,0,0,0,0,0,0,0,0,6,0,0,0,5,0,0,0,0,0,0,984
2014/10/4,100267,39,12,149,543,294,167,9,6,9,5526,9,8,2092,8,8,8,0,0,58,0,0,0,44,0,8,2092,8,8,8,985
2014/10/4,148569,39,12,234,229,289,164,5,1,2,5897,2,2,2948,2,2,2,2,0,59,0,2,0,44,0,2,2948,2,2,3,986
2014/10/4,16235,37,11,480,1203,2,2,0,0,0,0,0,0,0,0,0,0,0,0,0,0,0,0,0,0,0,0,0,0,0,987
2014/10/4,103855,37,11,480,1278,77,61,1,0,1,307,1,1,204,1,1,1,0,0,33,0,0,0,30,0,1,204,1,1,1,988
2014/10/4,123628,37,11,485,1963,1064,537,3,40,5,2401,5,4,1009,4,4,4,0,0,299,0,0,0,244,0,4,1009,4,4,3,989
2014/10/4,166167,26,8,667,1401,16,6,0,0,0,0,0,0,0,0,0,0,0,0,2,0,0,0,1,0,0,0,0,0,0,990
2014/10/4,161556,39,12,203,279,164,85,0,0,1,5922,1,1,1891,1,1,1,0,0,32,0,0,0,29,0,1,1891,1,1,0,991
2014/10/4,59590,13,1,505,2043,163,85,6,5,0,0,0,0,0,0,0,0,0,0,13,0,0,0,13,0,0,0,0,0,6,992
2014/10/4,105865,37,11,480,146,12,9,0,0,0,0,0,0,0,0,0,0,0,0,2,0,0,0,2,0,0,0,0,0,0,993
2014/10/4,50887,26,8,185,1054,4789,1855,90,60,61,114750,65,53,37662,41,41,41,2,0,50,0,2,0,43,0,41,37662,41,41,82,994
2014/10/4,59596,32,11,219,2062,306,199,11,1,4,21004,4,4,3957,1,1,1,0,0,27,0,0,0,18,0,1,3957,1,1,8,995
2014/10/4,24528,39,12,422,1890,659,358,18,6,14,12629,14,12,7189,10,10,10,0,0,177,0,0,0,137,0,10,7189,10,10,17,996
2014/10/4,106714,32,11,422,1993,102,73,1,3,0,0,0,0,0,0,0,0,0,0,18,0,0,0,17,0,0,0,0,0,0,997
2014/10/4,3654,9,4,510,6,3,1,0,0,0,0,0,0,0,0,0,0,0,0,0,0,0,0,0,0,0,0,0,0,0,998
2014/10/4,38581,33,10,320,234,5,4,0,0,0,0,0,0,0,0,0,0,0,0,0,0,0,0,0,0,0,0,0,0,0,999
2014/10/4,72667,13,1,234,1066,3,1,0,0,0,0,0,0,0,0,0,0,0,0,0,0,0,0,0,0,0,0,0,0,0,1000
2014/10/4,168348,18,12,422,1890,306,196,9,1,4,13350,4,3,5138,3,3,3,0,0,77,0,0,0,65,0,3,5138,3,3,7,1001
2014/10/4,16241,21,11,305,679,99,48,0,1,0,0,0,0,0,0,0,0,0,1,9,0,0,0,8,0,0,0,0,0,0,1002
2014/10/4,62623,39,12,422,1680,57,47,1,10,0,0,0,0,0,0,0,0,0,0,3,0,0,0,2,0,0,0,0,0,1,1003
2014/10/5,51007,33,10,691,1616,0,0,0,0,0,0,0,0,0,0,0,0,0,0,0,0,0,0,0,0,0,0,0,0,0,1004
2014/10/5,92188,39,12,203,1561,99,60,1,0,0,0,0,0,0,0,0,0,0,0,12,0,0,0,11,0,0,0,0,0,1,1005
2014/10/5,96283,32,11,629,190,4,3,0,0,0,0,0,0,0,0,0,0,0,0,0,0,0,0,0,0,0,0,0,0,0,1006
2014/10/5,135033,4,11,511,1283,30,14,0,1,1,1396,1,1,295,0,0,0,0,0,4,0,0,0,4,0,0,295,0,0,0,1007
2014/10/5,110906,18,12,422,51,971,499,36,9,26,97945,26,22,22819,21,21,21,0,0,258,0,0,0,203,0,21,22819,21,21,27,1008
2014/10/5,55750,39,12,203,1561,23,10,0,0,0,0,0,0,0,0,0,0,0,0,3,0,0,0,3,0,0,0,0,0,0,1009
2014/10/5,64381,21,11,601,810,109,72,3,1,4,5147,4,3,2380,3,3,3,0,0,15,0,0,0,15,0,3,2380,3,3,1,1010
2014/10/5,39436,32,11,234,306,22,15,0,0,0,0,0,0,0,0,0,0,0,0,8,0,0,0,6,0,0,0,0,0,0,1011
2014/10/5,70012,17,12,231,492,71,56,1,5,0,0,0,0,0,0,0,0,0,0,1,0,0,0,1,0,0,0,0,0,1,1012
2014/10/5,85567,4,11,82,268,25,14,0,1,0,0,0,0,0,0,0,0,0,0,7,0,0,0,5,0,0,0,0,0,0,1013
2014/10/5,148668,37,11,480,728,140,95,1,8,2,1675,3,2,616,2,3,2,0,0,60,0,0,0,48,0,2,616,3,2,1,1014
2014/10/5,53830,16,4,477,1085,12,3,0,0,0,0,0,0,0,0,0,0,0,0,0,0,0,0,0,0,0,0,0,0,0,1015
2014/10/5,147420,18,12,305,1276,2618,1156,84,61,48,50261,48,42,19757,38,38,38,0,0,363,0,0,0,268,0,38,19757,38,38,71,1016
2014/10/5,65236,39,12,420,1798,212,144,2,1,0,0,0,0,0,0,0,0,0,0,34,0,0,0,28,0,0,0,0,0,2,1017
2014/10/5,66811,39,12,422,796,7,7,0,0,0,0,0,0,0,0,0,0,0,0,3,0,0,0,3,0,0,0,0,0,0,1018
2014/10/5,125563,17,12,420,1798,377,223,1,2,0,0,0,0,0,0,0,0,0,0,20,0,0,0,17,0,0,0,0,0,1,1019
2014/10/5,121630,32,11,234,1174,40,24,0,0,1,9815,1,0,6059,0,0,0,0,0,2,0,0,0,2,0,0,6059,0,0,0,1020
2014/10/5,49732,17,12,305,1371,10,5,0,0,0,0,0,0,0,0,0,0,0,0,1,0,0,0,1,0,0,0,0,0,0,1021
2014/10/5,64477,18,12,305,679,6,6,0,0,0,0,0,0,0,0,0,0,0,0,4,0,0,0,4,0,0,0,0,0,0,1022
2014/10/5,137136,7,12,420,1798,3116,1582,39,21,8,40414,8,8,17878,3,3,3,1,0,612,0,1,0,513,0,3,17878,3,3,35,1023
2014/10/5,80062,21,11,510,676,119,59,2,2,0,0,0,0,0,0,0,0,0,0,13,0,0,0,12,0,0,0,0,0,2,1024
2014/10/5,42301,18,12,326,625,103,43,1,0,2,2971,2,2,578,1,1,1,0,0,12,0,0,0,8,0,1,578,1,1,1,1025
2014/10/5,22282,14,7,172,1635,14,9,0,0,0,0,0,0,0,0,0,0,0,0,1,0,0,0,0,0,0,0,0,0,0,1026
2014/10/5,300,36,4,657,294,60,30,4,0,1,319,2,1,226,2,4,2,0,0,17,0,0,0,11,0,2,226,4,2,3,1027
2014/10/5,92536,39,12,168,397,6,3,2,0,0,0,0,0,0,0,0,0,0,0,0,0,0,0,0,0,0,0,0,0,0,1028
2014/10/5,18435,32,11,629,1537,143,96,0,3,3,2024,3,2,683,1,1,1,0,0,43,0,0,0,35,0,1,683,1,1,0,1029
2014/10/5,150126,14,7,683,2027,91,51,0,0,1,4541,1,1,1180,0,0,0,0,0,3,0,0,0,3,0,0,1180,0,0,0,1030
2014/10/5,131934,32,11,422,1450,223,160,5,24,3,6565,3,3,2118,1,1,1,0,0,91,0,0,0,84,0,1,2118,1,1,4,1031
2014/10/5,75706,37,11,74,1184,111,43,0,2,0,0,0,0,0,0,0,0,0,0,1,0,0,0,1,0,0,0,0,0,0,1032
2014/10/5,28810,37,11,480,728,30,17,0,0,0,0,0,0,0,0,0,0,0,0,5,0,0,0,3,0,0,0,0,0,0,1033
2014/10/5,71275,20,5,320,736,200,112,4,2,3,11542,3,2,6249,2,2,2,0,0,37,0,0,0,25,0,2,6249,2,2,3,1034
2014/10/5,146679,13,1,556,607,163,109,6,3,1,711,1,1,0,0,0,0,0,0,19,0,0,0,17,0,0,0,0,0,6,1035
2014/10/5,16434,21,11,305,582,2,2,0,0,0,0,0,0,0,0,0,0,0,0,0,0,0,0,0,0,0,0,0,0,0,1036
2014/10/5,80078,32,11,510,676,336,217,11,0,1,3544,2,1,2398,1,2,1,0,0,96,0,0,0,68,0,1,2398,2,1,9,1037
2014/10/5,71449,22,4,41,1401,19,6,1,0,1,106,1,1,106,1,1,1,0,0,0,0,0,0,0,0,1,106,1,1,1,1038
2014/10/5,32754,22,4,641,1291,92,44,2,1,3,500,3,2,156,2,2,2,0,0,20,0,0,0,16,0,2,156,2,2,2,1039
2014/10/5,92542,14,7,422,56,41,23,0,0,0,1253,0,0,1253,0,0,0,0,0,8,0,0,0,5,0,0,1253,0,0,0,1040
2014/10/5,31344,33,10,733,426,104,50,1,3,5,20915,5,4,10812,4,4,4,0,0,8,0,0,0,8,0,4,10812,4,4,1,1041
2014/10/5,125581,7,12,420,1798,955,578,19,9,5,31344,5,5,11006,3,3,3,0,0,170,0,0,0,138,0,3,11006,3,3,16,1042
2014/10/5,102811,18,12,412,174,5,1,0,0,0,0,0,0,0,0,0,0,0,0,0,0,0,0,0,0,0,0,0,0,0,1043
2014/10/5,58630,17,12,629,245,6,6,0,0,0,0,0,0,0,0,0,0,0,0,1,0,0,0,1,0,0,0,0,0,0,1044
2014/10/5,110680,13,1,556,607,262,146,4,1,4,5337,4,2,0,0,0,0,0,0,10,0,0,0,8,0,0,0,0,0,4,1045
2014/10/5,23799,30,11,155,568,42,9,1,0,1,7096,1,1,4140,1,1,1,0,0,0,0,0,0,0,0,1,4140,1,1,0,1046
2014/10/5,142104,32,11,422,389,142,68,4,3,8,41010,8,5,9852,5,5,4,0,0,32,0,0,0,25,0,5,9852,5,4,2,1047
2014/10/5,36046,4,11,510,1809,206,115,0,1,0,0,0,0,0,0,0,0,0,0,62,0,0,0,50,0,0,0,0,0,0,1048
2014/10/5,58552,13,1,202,1895,7063,2877,218,99,187,376164,189,151,174431,121,121,115,2,0,736,0,2,0,547,0,121,174431,121,115,173,1049
2014/10/5,67435,32,11,629,450,48,33,3,1,0,0,0,0,0,0,0,0,0,0,0,0,0,0,0,0,0,0,0,0,1,1050
2014/10/5,72136,21,11,510,1953,185,98,6,6,3,3683,3,3,2434,2,2,2,0,0,9,0,0,0,8,0,2,2434,2,2,6,1051
2014/10/5,119563,37,11,74,1184,35,22,1,0,1,357,1,1,213,1,1,1,0,0,5,0,0,0,5,0,1,213,1,1,1,1052
2014/10/5,158171,32,11,629,1052,37,12,1,1,1,3554,1,1,1306,1,1,1,0,1,1,0,0,1,1,0,1,1306,1,1,1,1053
2014/10/5,15200,35,13,569,71,141,75,6,3,1,1223,1,1,1120,1,1,1,0,0,29,0,0,0,22,0,1,1120,1,1,6,1054
2014/10/5,142842,37,11,480,340,13,8,0,0,0,0,0,0,0,0,0,0,0,0,0,0,0,0,0,0,0,0,0,0,0,1055
2014/10/5,17946,18,12,112,24,70,26,0,1,0,0,0,0,0,0,0,0,0,0,10,0,0,0,6,0,0,0,0,0,0,1056
2014/10/5,31275,13,1,172,1635,154,104,17,1,4,4434,4,2,0,0,0,0,0,0,1,0,0,0,1,0,0,0,0,0,11,1057
2014/10/5,161685,35,13,119,1435,25,14,0,0,0,0,0,0,0,0,0,0,0,0,1,0,0,0,1,0,0,0,0,0,0,1058
2014/10/5,161205,39,12,406,1335,2,2,0,0,0,0,0,0,0,0,0,0,0,0,0,0,0,0,0,0,0,0,0,0,0,1059
2014/10/5,161850,39,12,420,1798,306,208,0,1,0,0,0,0,0,0,0,0,0,0,28,0,0,0,25,0,0,0,0,0,0,1060
2014/10/5,123928,21,11,510,676,180,77,7,3,1,3278,1,1,1705,1,1,1,0,0,2,0,0,0,2,0,1,1705,1,1,5,1061
2014/10/5,57886,4,11,510,676,324,225,12,3,1,1024,1,1,1024,1,1,1,0,0,63,0,0,0,53,0,1,1024,1,1,9,1062
2014/10/5,36223,39,12,219,1688,60,32,0,0,0,0,0,0,0,0,0,0,0,0,8,0,0,0,8,0,0,0,0,0,0,1063
2014/10/5,41655,26,8,422,1368,434,216,2,6,1,501,1,1,501,1,1,1,0,0,128,0,0,0,68,0,1,501,1,1,2,1064
2014/10/5,82606,18,12,326,625,32,19,0,0,0,0,0,0,0,0,0,0,0,0,1,0,0,0,1,0,0,0,0,0,0,1065
2014/10/5,143196,19,4,420,1798,13,6,0,0,0,0,0,0,0,0,0,0,0,0,1,0,0,0,1,0,0,0,0,0,0,1066
2014/10/5,125935,7,12,420,1798,301,181,0,3,0,0,0,0,3795,1,1,1,1,0,45,0,0,0,34,0,1,3795,1,1,0,1067
2014/10/5,65271,18,12,422,1680,61,40,0,6,8,12976,8,8,5982,8,8,8,0,0,10,0,0,0,9,0,8,5982,8,8,0,1068
2014/10/5,23160,39,12,153,890,4,4,0,0,0,0,0,0,0,0,0,0,0,0,1,0,0,0,1,0,0,0,0,0,0,1069
2014/10/5,105436,32,11,422,1669,122,54,1,2,0,0,0,0,0,0,0,0,0,0,1,0,0,0,1,0,0,0,0,0,1,1070
2014/10/5,35299,4,11,422,2110,3811,1794,30,99,25,20875,26,22,10202,21,22,21,0,0,1023,0,0,0,823,0,21,10202,22,21,26,1071
2014/10/5,54388,39,12,168,397,1445,843,11,27,7,9098,7,4,2921,4,4,4,0,0,152,0,0,0,126,0,4,2921,4,4,10,1072
2014/10/5,127693,37,11,480,673,12,8,0,0,0,226,0,0,150,0,0,0,0,0,1,0,0,0,1,0,0,150,0,0,0,1073
2014/10/5,107446,20,5,400,255,1054,728,10,9,2,9561,2,2,20084,3,5,3,0,0,94,0,0,0,86,0,3,20084,5,3,7,1074
2014/10/5,151739,26,8,422,1368,2120,836,26,22,16,18956,18,14,10548,14,15,13,0,0,316,0,0,0,163,0,14,10548,15,13,18,1075
2014/10/5,64768,39,12,666,431,250,139,2,4,0,3226,0,0,0,0,0,0,0,0,12,0,0,0,11,0,0,0,0,0,2,1076
2014/10/5,81034,21,11,629,1537,2,1,0,0,0,0,0,0,0,0,0,0,0,0,1,0,0,0,1,0,0,0,0,0,0,1077
2014/10/5,37645,32,11,422,1669,1613,673,41,29,49,153372,52,41,41412,34,37,33,0,0,275,0,0,0,206,0,34,41412,37,33,40,1078
2014/10/5,55159,20,5,84,1387,221,126,2,3,0,7541,0,0,4533,0,0,0,0,2,32,0,0,0,19,0,0,4533,0,0,1,1079
2014/10/5,32782,4,11,384,1623,70,42,0,2,0,0,0,0,0,0,0,0,0,0,6,0,0,0,6,0,0,0,0,0,0,1080
2014/10/5,42093,32,11,234,229,624,323,9,4,9,54883,9,7,22214,8,8,8,1,0,105,0,1,0,88,0,8,22214,8,8,7,1081
2014/10/5,94666,21,11,155,568,111,56,5,0,1,4923,1,1,3540,1,1,1,0,0,11,0,0,0,7,0,1,3540,1,1,5,1082
2014/10/5,96025,17,12,510,676,23,16,0,0,0,0,0,0,0,0,0,0,0,0,0,0,0,0,0,0,0,0,0,0,0,1083
2014/10/5,9089,11,12,618,449,8,6,0,1,0,0,0,0,0,0,0,0,0,0,3,0,0,0,3,0,0,0,0,0,0,1084
2014/10/5,130397,39,12,422,661,415,211,1,10,8,13112,8,7,2845,7,7,7,0,0,81,0,0,0,71,0,7,2845,7,7,1,1085
2014/10/5,138840,18,12,305,679,218,115,5,0,0,0,0,0,0,0,0,0,0,0,20,0,0,0,19,0,0,0,0,0,5,1086
2014/10/5,105613,32,11,422,1680,5,1,0,0,0,0,0,0,0,0,0,0,0,0,0,0,0,0,0,0,0,0,0,0,0,1087
2014/10/5,160626,37,11,298,996,21,17,0,0,0,0,0,0,0,0,0,0,0,0,1,0,0,0,1,0,0,0,0,0,0,1088
2014/10/5,144954,32,11,234,229,3,3,0,0,0,0,0,0,0,0,0,0,0,0,0,0,0,0,0,0,0,0,0,0,0,1089
2014/10/5,90904,33,10,473,18,18,15,0,0,0,0,0,0,0,0,0,0,0,0,1,0,0,0,1,0,0,0,0,0,0,1090
2014/10/5,33388,21,11,594,2052,3,2,0,0,0,0,0,0,0,0,0,0,0,0,3,0,0,0,2,0,0,0,0,0,0,1091
2014/10/5,132570,32,11,133,1970,198,93,4,1,3,8074,3,2,3548,2,2,2,0,0,21,0,0,0,14,0,2,3548,2,2,2,1092
2014/10/5,9425,26,8,193,1479,225,135,4,3,1,1419,1,1,314,1,1,1,0,0,54,0,0,0,45,0,1,314,1,1,4,1093
2014/10/5,147390,37,11,480,1857,92,80,0,7,0,592,0,0,296,0,0,0,0,0,2,0,0,0,2,0,0,296,0,0,0,1094
2014/10/5,31299,17,12,666,431,920,598,8,10,4,29010,4,4,6866,2,2,2,0,0,42,0,0,0,39,0,2,6866,2,2,8,1095
2014/10/5,146967,17,12,420,1798,6313,3483,107,124,31,216364,31,24,86974,19,19,19,0,0,150,0,0,0,110,0,19,86974,19,19,95,1096
2014/10/5,142782,39,12,629,11,206,124,0,5,3,5827,3,2,2359,1,1,1,0,0,32,0,0,0,25,0,1,2359,1,1,0,1097
2014/10/5,27195,4,11,629,190,64,35,4,0,1,1655,1,0,576,1,1,0,0,0,10,0,0,0,9,0,1,576,1,0,3,1098
2014/10/5,6572,25,12,412,174,265,111,11,3,2,30896,2,1,12165,2,2,1,0,0,19,0,0,0,13,0,2,12165,2,1,7,1099
2014/10/5,71005,20,5,178,385,220,152,4,7,0,0,0,0,0,0,0,0,0,0,22,0,0,0,20,0,0,0,0,0,3,1100
2014/10/5,68795,32,11,629,974,792,369,17,12,10,61062,10,10,27451,11,11,11,0,0,166,0,0,0,128,0,11,27451,11,11,11,1101
2014/10/5,50470,37,11,74,1184,19,15,0,0,0,0,0,0,0,0,0,0,0,0,0,0,0,0,0,0,0,0,0,0,0,1102
2014/10/5,66220,32,11,203,803,89,62,0,0,0,11471,0,0,3445,0,0,0,0,0,2,0,0,0,1,0,0,3445,0,0,0,1103
2014/10/5,52564,32,11,219,2062,1000,504,8,8,8,36141,8,4,7663,5,5,5,4,0,107,0,2,0,79,0,5,7663,5,5,8,1104
2014/10/5,22108,21,11,510,676,1629,1026,46,23,17,23192,18,15,14402,11,12,11,0,0,184,0,0,0,136,0,11,14402,12,11,36,1105
2014/10/5,62127,13,1,136,443,283,188,2,5,0,0,0,0,0,0,0,0,0,0,84,0,0,0,75,0,0,0,0,0,2,1106
2014/10/5,119596,37,11,74,1184,110,43,0,2,0,0,0,0,0,0,0,0,0,0,1,0,0,0,1,0,0,0,0,0,0,1107
2014/10/5,80701,7,12,203,279,4,3,0,0,0,0,0,0,0,0,0,0,0,0,0,0,0,0,0,0,0,0,0,0,0,1108
2014/10/5,62940,7,12,390,2063,258,127,0,4,0,1906,0,0,0,0,0,0,0,0,51,0,0,0,45,0,0,0,0,0,0,1109
2014/10/5,65713,26,8,193,1479,775,456,23,13,15,10892,15,13,4026,13,13,12,0,0,212,0,0,0,177,0,13,4026,13,12,20,1110
2014/10/5,106057,14,7,665,1280,2,2,0,0,0,0,0,0,0,0,0,0,0,0,0,0,0,0,0,0,0,0,0,0,0,1111
2014/10/5,151025,39,12,629,245,29,20,0,0,0,0,0,0,0,0,0,0,0,0,0,0,0,0,0,0,0,0,0,0,0,1112
2014/10/5,152439,39,12,406,1335,3,1,0,0,0,0,0,0,0,0,0,0,0,0,1,0,0,0,1,0,0,0,0,0,0,1113
2014/10/5,99376,21,11,422,240,264,149,11,8,10,18637,13,7,7058,9,10,7,0,0,30,0,0,0,25,0,9,7058,10,7,11,1114
2014/10/5,134676,33,10,320,234,9,9,0,0,0,0,0,0,0,0,0,0,0,0,1,0,0,0,1,0,0,0,0,0,0,1115
2014/10/5,61285,7,12,422,1890,222,155,3,6,1,615,1,1,0,0,0,0,0,0,83,0,0,0,75,0,0,0,0,0,2,1116
2014/10/5,161238,21,11,581,1989,6584,4069,94,138,12,42921,13,12,23731,6,7,6,1,0,112,0,1,0,91,0,6,23731,7,6,83,1117
2014/10/5,197,21,11,422,2023,118,45,0,1,1,4781,1,1,966,1,1,1,0,0,6,0,0,0,6,0,1,966,1,1,0,1118
2014/10/5,101615,26,8,564,1028,308,174,3,0,0,2048,0,0,938,0,0,0,0,0,26,0,0,0,23,0,0,938,0,0,2,1119
2014/10/5,51412,39,12,692,1979,55,16,0,1,0,0,0,0,0,0,0,0,0,0,6,0,0,0,5,0,0,0,0,0,0,1120
2014/10/5,129166,39,12,412,1498,3,2,0,0,0,0,0,0,0,0,0,0,0,0,0,0,0,0,0,0,0,0,0,0,0,1121
2014/10/5,149832,39,12,168,1745,107,81,4,2,6,9846,6,6,3053,5,5,5,0,0,24,0,0,0,23,0,5,3053,5,5,4,1122
2014/10/5,81229,39,12,601,810,1,1,0,0,0,0,0,0,0,0,0,0,0,0,0,0,0,0,0,0,0,0,0,0,0,1123
2014/10/5,68077,26,8,510,676,1397,756,46,13,28,35404,28,20,24539,19,19,18,0,0,218,0,0,0,168,0,19,24539,19,18,33,1124
2014/10/5,166581,32,11,225,1286,154,86,7,0,0,5411,0,0,0,0,0,0,0,0,10,0,0,0,10,0,0,0,0,0,3,1125
2014/10/5,162006,17,12,203,840,310,204,0,1,1,5441,1,1,3627,1,1,1,0,0,0,106,0,0,0,96,0,0,0,0,0,1126
2014/10/5,144420,13,1,507,676,649,372,22,10,13,18793,13,13,17295,12,12,12,0,0,42,0,0,0,31,0,12,17295,12,12,20,1157
2014/10/5,35911,21,11,355,1195,20,14,0,0,0,0,0,0,0,0,0,0,0,0,1,0,0,0,1,0,0,0,0,0,0,1127
2014/10/5,119041,39,12,629,245,29,20,0,0,0,933,0,0,466,0,0,0,0,0,0,0,0,0,0,0,0,466,0,0,0,1128
2014/10/5,25455,37,11,485,1963,73,46,0,3,0,0,0,0,0,0,0,0,0,0,3,0,0,0,3,0,0,0,0,0,0,1129
2014/10/5,111017,39,12,406,1335,27,21,0,0,0,0,0,0,0,0,0,0,0,0,3,0,0,0,3,0,0,0,0,0,0,1130
2014/10/5,83405,18,12,380,48,2634,1055,9,39,9,19885,9,6,4327,3,3,3,1,1,420,0,0,0,330,0,3,4327,3,3,9,1131
2014/10/5,117850,14,7,510,1218,8,5,0,0,0,0,0,0,0,0,0,0,0,0,0,0,0,0,0,0,0,0,0,0,0,1132
2014/10/5,11068,39,12,422,51,319,177,11,3,8,5547,8,7,2299,7,7,7,0,0,90,0,0,0,67,0,7,2299,7,7,10,1133
2014/10/5,27462,7,12,420,1798,264,173,4,2,0,0,0,0,0,0,0,0,0,0,40,0,0,0,32,0,0,0,0,0,4,1134
2014/10/5,61294,21,11,349,265,12,8,0,0,0,0,0,0,0,0,0,0,0,0,0,0,0,0,0,0,0,0,0,0,0,1135
2014/10/5,99802,37,11,480,1595,58,35,2,1,2,902,2,2,554,2,2,2,0,0,2,0,0,0,2,0,2,554,2,2,2,1136
2014/10/5,132849,13,1,542,1684,617,385,12,5,0,3805,0,0,1741,0,0,0,0,0,90,0,0,0,78,0,0,1741,0,0,9,1137
2014/10/5,165345,26,8,193,1479,603,326,15,20,3,12385,3,3,1855,2,2,2,0,0,63,0,0,0,55,0,2,1855,2,2,10,1138
2014/10/5,113929,22,4,41,662,20,19,0,0,0,0,0,0,0,0,0,0,0,0,10,0,0,0,9,0,0,0,0,0,0,1139
2014/10/5,102955,21,11,507,1781,61,46,4,0,0,0,0,0,0,0,0,0,0,0,17,0,0,0,12,0,0,0,0,0,0,1140
2014/10/5,24867,18,12,112,24,1,1,0,0,0,0,0,0,0,0,0,0,0,0,0,0,0,0,0,0,0,0,0,0,0,1141
2014/10/5,162744,21,11,422,240,46,28,0,2,3,7550,3,3,2345,2,2,2,0,0,0,0,0,0,0,0,2,2345,2,2,0,1142
2014/10/5,96223,32,11,225,1706,6186,3276,24,53,49,198907,49,40,85376,27,27,27,1,0,134,836,1,0,95,700,0,0,0,0,19,1143
2014/10/5,85339,39,12,406,1335,9,7,0,0,0,0,0,0,0,0,0,0,0,0,0,0,0,0,0,0,0,0,0,0,0,1144
2014/10/5,117691,32,11,203,840,5533,3794,30,17,30,86800,30,24,40458,21,21,20,0,0,188,130,0,0,144,108,3,8212,3,3,23,1145
2014/10/5,115207,7,12,62,211,953,697,1,9,3,8288,3,3,4134,3,3,3,0,0,35,0,0,0,30,0,3,4134,3,3,1,1146
2014/10/5,149598,21,11,422,240,69,34,1,0,2,6447,2,2,3234,2,2,2,0,0,0,0,0,0,0,0,2,3234,2,2,1,1147
2014/10/5,12485,39,12,510,676,352,173,8,6,0,0,0,0,0,0,0,0,0,0,80,0,0,0,65,0,0,0,0,0,6,1148
2014/10/5,15257,30,11,298,996,18,13,1,0,1,1183,1,1,379,1,1,1,0,0,2,0,0,0,1,0,1,379,1,1,1,1149
2014/10/5,151776,26,8,422,1368,11566,4680,171,213,104,120495,105,89,59472,72,73,72,0,8,2124,0,0,8,1224,0,72,59472,73,72,132,1150
2014/10/5,89185,39,12,422,1680,2255,1141,50,74,80,130585,80,80,48127,79,79,79,0,0,556,0,0,0,464,0,79,48127,79,79,38,1151
2014/10/5,125899,7,12,439,578,344,242,5,21,22,62870,22,22,22308,22,22,22,0,0,74,0,0,0,65,0,22,22308,22,22,2,1152
2014/10/5,15170,39,12,422,58,713,391,5,4,6,3240,6,5,1931,5,5,5,0,0,101,0,0,0,87,0,5,1931,5,5,5,1153
2014/10/5,53350,32,11,219,2062,4262,1907,118,39,33,117214,33,31,31325,23,23,23,0,0,767,0,0,0,591,0,23,31325,23,23,77,1154
2014/10/5,105562,17,12,619,945,2,2,0,0,0,0,0,0,0,0,0,0,0,0,0,0,0,0,0,0,0,0,0,0,0,1155
2014/10/5,31491,39,12,219,2062,179,107,5,1,0,0,0,0,0,0,0,0,0,0,44,0,0,0,34,0,0,0,0,0,5,1156
2014/10/5,75949,33,10,81,1832,12,8,0,0,0,0,0,0,0,0,0,0,0,0,1,0,0,0,1,0,0,0,0,0,0,1158
2014/10/5,124906,17,12,420,1798,20,8,0,0,0,0,0,0,0,0,0,0,0,0,1,0,0,0,1,0,0,0,0,0,0,1159
2014/10/5,3435,35,13,3,1115,2580,1233,38,38,27,73442,51,17,40005,18,27,14,1,1,348,0,1,1,203,0,18,40005,27,14,32,1160
2014/10/5,12659,21,11,629,190,25,15,0,0,0,0,0,0,0,0,0,0,0,0,2,0,0,0,2,0,0,0,0,0,0,1161
2014/10/5,136956,18,12,422,796,87,54,0,0,0,1581,0,0,493,0,0,0,0,0,3,0,0,0,2,0,0,493,0,0,0,1162
2014/10/5,59548,21,11,87,941,8,2,0,0,0,0,0,0,0,0,0,0,0,0,0,0,0,0,0,0,0,0,0,0,0,1163
2014/10/5,32340,32,11,133,543,54,35,2,0,2,4620,2,2,2387,2,2,2,0,0,27,0,0,0,23,0,2,2387,2,2,2,1164
2014/10/5,81244,39,12,420,1798,334,226,3,4,0,0,0,0,0,0,0,0,0,0,32,0,0,0,29,0,0,0,0,0,3,1165
2014/10/5,70270,11,12,127,1199,127,67,0,1,0,0,0,0,0,0,0,0,0,0,14,0,0,0,13,0,0,0,0,0,0,1166
2014/10/5,154800,32,11,422,1653,13,7,0,0,0,0,0,0,0,0,0,0,0,0,4,0,0,0,3,0,0,0,0,0,0,1167
2014/10/5,18030,13,1,510,1401,241,147,5,4,0,0,0,0,0,0,0,0,0,0,30,0,0,0,24,0,0,0,0,0,5,1168
2014/10/5,161340,13,1,498,573,291,190,7,9,0,2336,0,0,1289,0,0,0,0,0,83,0,0,0,60,0,0,1289,0,0,7,1169
2014/10/5,61390,17,12,422,1890,132,77,1,1,1,7116,1,1,2337,1,1,1,0,0,25,0,0,0,24,0,1,2337,1,1,1,1170
2014/10/5,92137,17,12,234,1174,28,15,1,0,1,2678,1,1,2569,1,1,1,0,0,3,0,0,0,3,0,1,2569,1,1,1,1171
2014/10/5,99904,7,12,422,237,10,7,2,0,0,0,0,0,0,0,0,0,0,0,2,0,0,0,2,0,0,0,0,0,1,1172
2014/10/5,142422,35,13,497,1365,720,379,11,7,2,14394,2,2,9721,1,1,1,0,0,92,0,0,0,84,0,1,9721,1,1,11,1173
2014/10/5,70444,7,12,203,1976,3,2,0,0,0,0,0,0,0,0,0,0,0,0,1,0,0,0,1,0,0,0,0,0,0,1174
2014/10/5,95722,13,1,412,31,585,362,4,7,1,3925,1,1,3052,1,1,1,0,0,56,0,0,0,47,0,1,3052,1,1,4,1175
2014/10/5,89362,37,11,480,1595,32,23,1,0,0,289,0,0,173,0,0,0,0,0,4,0,0,0,2,0,0,173,0,0,1,1176
2014/10/5,727,21,11,581,1989,2075,1089,36,16,6,16356,6,6,11928,5,5,5,0,0,219,0,0,0,177,0,5,11928,5,5,32,1177
2014/10/5,75871,39,12,684,9,92,64,0,3,0,0,0,0,0,0,0,0,0,0,10,0,0,0,9,0,0,0,0,0,0,1178
2014/10/5,124666,4,11,87,941,7,4,0,0,0,0,0,0,0,0,0,0,0,0,0,0,0,0,0,0,0,0,0,0,0,1179
2014/10/5,149943,22,4,41,662,22,21,0,0,0,0,0,0,0,0,0,0,0,0,12,0,0,0,11,0,0,0,0,0,0,1180
2014/10/5,140250,18,12,40,430,18,8,1,0,0,0,0,0,0,0,0,0,0,0,3,0,0,0,3,0,0,0,0,0,1,1181
2014/10/5,32439,32,11,287,1189,4,4,0,0,0,0,0,0,0,0,0,0,0,0,1,0,0,0,1,0,0,0,0,0,0,1182
2014/10/5,99577,21,11,87,1972,49,29,1,0,2,4965,2,1,5012,2,2,1,0,0,12,0,0,0,10,0,2,5012,2,1,1,1183
2014/10/5,88120,39,12,594,2052,18,15,0,0,0,0,0,0,0,0,0,0,0,0,2,0,0,0,2,0,0,0,0,0,0,1184
2014/10/5,132051,26,8,198,603,324,216,10,5,2,2896,2,2,1331,1,1,1,0,0,59,0,0,0,50,0,1,1331,1,1,6,1185
2014/10/5,84923,13,1,510,676,7436,3421,127,121,65,74008,65,56,45261,48,48,47,0,3,1068,0,0,2,659,0,48,45261,48,47,111,1186
2014/10/5,124837,37,11,480,728,33,20,0,1,0,0,0,0,0,0,0,0,0,0,7,0,0,0,5,0,0,0,0,0,0,1187
2014/10/5,4044,17,12,203,840,200,139,3,3,0,3217,0,0,2838,0,0,0,0,0,31,0,0,0,25,0,0,2838,0,0,2,1188
2014/10/5,154815,17,12,380,48,30,16,0,0,0,0,0,0,0,0,0,0,0,0,0,0,0,0,0,0,0,0,0,0,0,1189
2014/10/5,7716,7,12,619,945,304,122,10,1,13,7838,13,6,3097,6,6,6,0,0,67,0,0,0,50,0,6,3097,6,6,9,1190
2014/10/5,41158,35,13,84,2060,117,75,1,1,1,1453,1,1,0,0,0,0,0,0,18,0,0,0,16,0,0,0,0,0,1,1191
2014/10/5,110617,20,5,400,1982,4,4,0,0,0,0,0,0,0,0,0,0,0,0,0,0,0,0,0,0,0,0,0,0,0,1192
2014/10/5,144273,39,12,390,2063,12,9,0,0,0,0,0,0,0,0,0,0,0,0,4,0,0,0,3,0,0,0,0,0,0,1193
2014/10/5,15191,13,1,422,219,1746,825,33,30,13,34116,17,10,21051,11,13,11,0,0,235,0,0,0,141,0,11,21051,13,11,26,1194
2014/10/5,42004,21,11,510,1075,4,2,0,0,0,0,0,0,0,0,0,0,0,0,0,0,0,0,0,0,0,0,0,0,0,1195
2014/10/5,167715,13,1,35,1808,1033,454,38,19,32,63381,32,20,19823,15,15,14,0,0,77,0,0,0,57,0,15,19823,15,14,29,1196
2014/10/5,82840,13,1,234,762,190,96,5,7,2,3325,2,2,752,1,1,1,0,0,4,0,0,0,4,0,1,752,1,1,5,1197
2014/10/5,65593,13,1,35,1808,443,277,8,8,3,3292,3,3,2230,2,2,2,0,0,63,0,0,0,50,0,2,2230,2,2,6,1198
2014/10/5,124111,25,12,412,174,2021,1042,26,19,5,38433,5,3,10137,2,2,2,0,2,319,0,0,1,269,0,2,10137,2,2,23,1199
2014/10/5,14207,39,12,422,58,738,403,16,7,11,4584,11,9,2846,10,10,9,0,0,105,0,0,0,91,0,10,2846,10,9,13,1200
2014/10/5,77161,26,8,68,1290,153,90,3,2,0,0,0,0,0,0,0,0,0,0,19,0,0,0,12,0,0,0,0,0,2,1201
2014/10/5,82846,22,4,41,662,29,8,0,0,0,49,1,0,49,0,1,0,0,0,3,0,0,0,3,0,0,49,1,0,0,1202
2014/10/5,140181,32,11,422,1450,214,152,0,22,19,28902,19,19,15522,19,19,19,0,0,87,0,0,0,81,0,19,15522,19,19,0,1203
2014/10/5,21399,32,11,422,1669,136,68,2,1,4,17327,4,3,3575,2,2,2,0,0,7,0,0,0,6,0,2,3575,2,2,2,1204
2014/10/5,37060,39,12,422,1680,2184,1103,31,69,38,64880,38,33,18159,28,28,28,0,0,541,0,0,0,449,0,28,18159,28,28,27,1205
2014/10/5,61102,39,12,203,279,56,36,0,0,0,0,0,0,0,0,0,0,0,0,12,0,0,0,10,0,0,0,0,0,0,1206
2014/10/5,43429,37,11,74,1184,18,14,0,0,0,0,0,0,0,0,0,0,0,0,0,0,0,0,0,0,0,0,0,0,0,1207
2014/10/5,23571,21,11,305,123,2,1,0,0,0,0,0,0,0,0,0,0,0,0,0,0,0,0,0,0,0,0,0,0,0,1208
2014/10/5,149961,37,11,480,1548,3488,1866,26,154,41,25963,42,39,10551,38,39,38,0,2,1369,0,0,2,1088,0,38,10551,39,38,23,1209
2014/10/5,81520,37,11,480,728,29,16,0,0,0,0,0,0,0,0,0,0,0,0,5,0,0,0,3,0,0,0,0,0,0,1210
2014/10/5,142614,32,11,133,1970,178,119,3,6,1,3087,1,1,2537,1,1,1,0,0,10,0,0,0,6,0,1,2537,1,1,2,1211
2014/10/5,13282,18,12,380,48,2660,1067,7,40,7,12725,7,5,4264,5,5,5,1,1,424,0,0,0,333,0,5,4264,5,5,5,1212
2014/10/5,141207,17,12,203,840,1015,591,29,12,5,31054,5,5,21530,3,3,3,1,0,142,0,0,0,114,0,3,21530,3,3,20,1213
2014/10/5,145050,13,1,404,1921,204,144,0,2,1,1520,1,1,688,0,0,0,0,0,22,0,0,0,21,0,0,688,0,0,0,1214
2014/10/5,114811,39,12,168,823,7,7,0,0,0,0,0,0,0,0,0,0,0,0,0,0,0,0,0,0,0,0,0,0,0,1215
2014/10/5,79996,13,1,510,676,715,486,17,8,0,6794,0,0,0,0,0,0,0,0,139,0,0,0,115,0,0,0,0,0,11,1216
2014/10/5,113881,21,11,735,599,1,0,0,0,0,0,0,0,0,0,0,0,0,0,0,0,0,0,0,0,0,0,0,0,0,1217
2014/10/5,25839,37,11,480,1206,97,29,3,3,4,2133,7,4,1317,4,7,4,0,0,6,0,0,0,3,0,4,1317,7,4,1,1218
2014/10/5,9827,32,11,422,1646,54,17,0,0,0,0,0,0,0,0,0,0,0,0,4,0,0,0,3,0,0,0,0,0,0,1219
2014/10/5,105932,39,12,203,840,602,378,8,5,4,11744,4,3,4733,2,2,2,0,0,82,0,0,0,70,0,2,4733,2,2,6,1220
2014/10/5,54886,18,12,305,1276,17,11,0,1,0,0,0,0,0,0,0,0,0,0,0,0,0,0,0,0,0,0,0,0,0,1221
2014/10/5,86953,17,12,420,1798,133,62,0,0,0,0,0,0,0,0,0,0,1,0,2,0,0,0,2,0,0,0,0,0,0,1222
2014/10/5,39412,7,12,203,840,51,31,2,0,0,0,0,0,0,0,0,0,0,0,3,0,0,0,3,0,0,0,0,0,2,1223
2014/10/5,161378,13,1,498,573,4849,2311,125,80,91,295817,116,80,76187,67,67,66,1,0,437,0,1,0,310,0,67,76187,67,66,104,1224
2014/10/5,21570,39,12,682,1862,14,8,2,0,0,0,0,0,0,0,0,0,0,0,0,0,0,0,0,0,0,0,0,0,1,1225
2014/10/5,81196,30,11,143,600,16,3,0,0,0,0,0,0,0,0,0,0,0,0,1,0,0,0,1,0,0,0,0,0,0,1226
2014/10/5,133659,17,12,422,51,15,6,0,0,0,0,0,0,0,0,0,0,0,0,3,0,0,0,2,0,0,0,0,0,0,1227
2014/10/5,130408,22,4,574,690,43,30,0,0,0,135,0,0,67,0,0,0,0,0,3,0,0,0,3,0,0,67,0,0,0,1228
2014/10/5,32715,16,4,443,1269,0,0,0,0,0,0,0,0,0,0,0,0,0,0,0,0,0,0,0,0,0,0,0,0,0,1229
2014/10/5,60604,30,11,298,996,39,24,0,0,0,0,0,0,0,0,0,0,0,0,8,0,0,0,3,0,0,0,0,0,0,1230
2014/10/5,70810,37,11,485,1963,71,44,0,3,0,0,0,0,0,0,0,0,0,0,3,0,0,0,3,0,0,0,0,0,0,1231
2014/10/5,100267,39,12,149,543,281,146,5,46,6,3724,6,6,1322,5,5,5,0,0,52,0,0,0,43,0,5,1322,5,5,4,1232
2014/10/5,148569,39,12,234,229,350,209,6,1,4,14074,4,3,5998,3,3,3,0,0,60,0,0,0,52,0,3,5998,3,3,6,1233
2014/10/5,16235,37,11,480,1203,2,1,0,0,0,0,0,0,0,0,0,0,0,0,0,0,0,0,0,0,0,0,0,0,0,1234
2014/10/5,103855,37,11,480,1278,98,61,2,1,0,0,0,0,0,0,0,0,0,0,31,0,0,0,30,0,0,0,0,0,2,1235
2014/10/5,123628,37,11,485,1963,1189,550,1,39,3,1364,3,3,673,3,3,3,0,0,267,0,0,0,218,0,3,673,3,3,1,1236
2014/10/5,166167,26,8,667,1401,8,7,0,0,0,0,0,0,0,0,0,0,0,0,1,0,0,0,1,0,0,0,0,0,0,1237
2014/10/5,161556,39,12,203,279,210,112,0,2,0,2912,0,0,956,0,0,0,0,0,64,0,0,0,48,0,0,956,0,0,0,1238
2014/10/5,59590,13,1,505,2043,37,26,1,1,0,0,0,0,0,0,0,0,0,0,8,0,0,0,7,0,0,0,0,0,1,1239
2014/10/5,105865,37,11,480,146,25,9,0,0,1,253,1,1,160,1,1,1,0,0,0,0,0,0,0,0,1,160,1,1,0,1240
2014/10/5,50887,26,8,185,1054,2700,1533,86,66,63,111608,63,57,46027,51,51,50,3,0,65,0,2,0,50,0,51,46027,51,50,70,1241
2014/10/5,59596,32,11,219,2062,298,202,11,0,0,3395,0,0,2550,1,1,1,1,0,26,0,0,0,22,0,1,2550,1,1,7,1242
2014/10/5,24528,39,12,422,1890,630,326,14,5,6,4826,6,5,3080,5,5,5,0,0,156,0,0,0,116,0,5,3080,5,5,13,1243
2014/10/5,106714,32,11,422,1993,143,105,1,0,0,0,0,0,0,0,0,0,0,0,23,0,0,0,13,0,0,0,0,0,1,1244
2014/10/5,3654,9,4,510,6,10,7,0,0,0,23,0,0,23,0,0,0,0,0,4,0,0,0,3,0,0,23,0,0,0,1245
2014/10/5,38581,33,10,320,234,8,6,0,0,0,0,0,0,0,0,0,0,0,0,0,0,0,0,0,0,0,0,0,0,0,1246
2014/10/5,72667,13,1,234,1066,0,0,0,0,0,0,0,0,0,0,0,0,0,0,0,0,0,0,0,0,0,0,0,0,0,1247
2014/10/5,168348,18,12,422,1890,370,196,6,0,4,16384,4,4,5168,2,2,2,0,0,86,0,0,0,58,0,2,5168,2,2,6,1248
2014/10/5,16241,21,11,305,679,100,59,0,2,0,0,0,0,0,0,0,0,0,0,14,0,0,0,11,0,0,0,0,0,0,1249
2014/10/5,62623,39,12,422,1680,61,40,0,15,0,0,0,0,0,0,0,0,0,0,2,0,0,0,2,0,0,0,0,0,0,1250
2014/10/6,51007,33,10,691,1616,3,2,0,0,0,0,0,0,0,0,0,0,0,0,0,0,0,0,0,0,0,0,0,0,0,1251
2014/10/6,92188,39,12,203,1561,67,58,0,0,0,0,0,0,0,0,0,0,0,0,14,0,0,0,14,0,0,0,0,0,0,1252
2014/10/6,96283,32,11,629,190,10,6,0,0,0,0,0,0,0,0,0,0,0,0,0,0,0,0,0,0,0,0,0,0,0,1253
2014/10/6,135033,4,11,511,1283,44,17,0,1,1,733,1,1,313,1,1,1,0,0,2,0,0,0,2,0,1,313,1,1,0,1254
2014/10/6,110906,18,12,422,51,1080,545,27,15,16,66767,16,15,14987,12,12,12,0,0,312,0,0,0,259,0,12,14987,12,12,26,1255
2014/10/6,55750,39,12,203,1561,11,9,1,0,0,0,0,0,0,0,0,0,1,0,0,0,1,0,0,0,0,0,0,0,1,1256
2014/10/6,64381,21,11,601,810,165,80,4,3,6,8829,9,6,4482,5,8,5,0,0,27,0,0,0,23,0,5,4482,8,5,4,1257
2014/10/6,39436,32,11,234,306,13,10,0,0,0,0,0,0,0,0,0,0,0,0,5,0,0,0,5,0,0,0,0,0,0,1258
2014/10/6,70012,17,12,231,492,144,93,0,4,0,0,0,0,0,0,0,0,0,0,10,0,0,0,8,0,0,0,0,0,0,1259
2014/10/6,85567,4,11,82,268,26,16,0,0,0,0,0,0,0,0,0,0,0,0,4,0,0,0,4,0,0,0,0,0,0,1260
2014/10/6,148668,37,11,480,728,156,109,3,9,7,4430,8,7,1614,7,8,7,0,0,46,0,0,0,42,0,7,1614,8,7,3,1261
2014/10/6,53830,16,4,477,1085,18,4,0,0,0,0,0,0,0,0,0,0,0,0,2,0,0,0,2,0,0,0,0,0,0,1262
2014/10/6,147420,18,12,305,1276,2966,1172,98,69,84,88596,86,62,26486,51,52,51,0,0,407,0,0,0,311,0,51,26486,52,51,76,1263
2014/10/6,65236,39,12,420,1798,178,120,1,2,0,0,0,0,0,0,0,0,0,0,15,0,0,0,13,0,0,0,0,0,1,1264
2014/10/6,66811,39,12,422,796,7,5,0,0,0,0,0,0,0,0,0,0,0,0,4,0,0,0,3,0,0,0,0,0,0,1265
2014/10/6,125563,17,12,420,1798,319,191,0,1,0,0,0,0,0,0,0,0,0,0,23,0,0,0,22,0,0,0,0,0,0,1266
2014/10/6,121630,32,11,234,1174,37,23,2,0,3,10543,3,2,3253,1,1,1,0,0,0,0,0,0,0,0,1,3253,1,1,1,1267
2014/10/6,49732,17,12,305,1371,7,5,0,0,0,0,0,0,0,0,0,0,0,0,1,0,0,0,1,0,0,0,0,0,0,1268
2014/10/6,64477,18,12,305,679,9,7,0,0,0,0,0,0,0,0,0,0,0,0,1,0,0,0,1,0,0,0,0,0,0,1269
2014/10/6,137136,7,12,420,1798,3118,1653,41,28,7,30518,7,6,20376,5,5,5,0,1,746,0,0,0,616,0,5,20376,5,5,31,1270
2014/10/6,80062,21,11,510,676,154,77,4,2,2,2437,2,1,1218,1,1,1,0,0,23,0,0,0,23,0,1,1218,1,1,4,1271
2014/10/6,42301,18,12,326,625,78,47,4,0,0,965,0,0,289,0,0,0,0,0,12,0,0,0,9,0,0,289,0,0,0,1272
2014/10/6,22282,14,7,172,1635,6,6,0,0,0,0,0,0,0,0,0,0,0,0,1,0,0,0,1,0,0,0,0,0,0,1273
2014/10/6,300,36,4,657,294,58,31,0,0,0,0,0,0,0,0,0,0,0,0,11,0,0,0,8,0,0,0,0,0,0,1274
2014/10/6,92536,39,12,168,397,3,2,0,0,0,0,0,0,0,0,0,0,0,0,0,0,0,0,0,0,0,0,0,0,0,1275
2014/10/6,18435,32,11,629,1537,189,102,0,4,1,720,1,1,720,1,1,1,2,1,47,0,1,1,38,0,1,720,1,1,0,1276
2014/10/6,150126,14,7,683,2027,117,61,8,0,2,11772,4,1,3465,0,1,0,0,0,25,0,0,0,13,0,0,3465,1,0,5,1277
2014/10/6,131934,32,11,422,1450,368,185,0,32,2,3922,2,1,1373,1,1,1,0,0,103,0,0,0,84,0,1,1373,1,1,0,1278
2014/10/6,75706,37,11,74,1184,134,56,0,4,1,335,1,1,199,1,1,1,0,0,4,0,0,0,4,0,1,199,1,1,0,1279
2014/10/6,28810,37,11,480,728,30,24,0,1,0,0,0,0,0,0,0,0,0,0,5,0,0,0,5,0,0,0,0,0,0,1280
2014/10/6,82894,39,12,168,823,3,3,0,0,0,0,0,0,0,0,0,0,0,0,2,0,0,0,2,0,0,0,0,0,0,1281
2014/10/6,71275,20,5,320,736,164,88,6,3,3,12120,3,2,3275,1,1,1,0,0,22,0,0,0,16,0,1,3275,1,1,6,1282
2014/10/6,146679,13,1,556,607,103,73,6,0,0,0,0,0,0,0,0,0,0,0,13,0,0,0,12,0,0,0,0,0,6,1283
2014/10/6,16434,21,11,305,582,1,1,0,0,0,0,0,0,0,0,0,0,0,0,1,0,0,0,1,0,0,0,0,0,0,1284
2014/10/6,80078,32,11,510,676,318,219,4,5,1,2213,1,1,1106,0,0,0,0,0,98,0,0,0,75,0,0,1106,0,0,4,1285
2014/10/6,71449,22,4,41,1401,6,4,0,0,0,0,0,0,0,0,0,0,0,0,1,0,0,0,1,0,0,0,0,0,0,1286
2014/10/6,32754,22,4,641,1291,102,45,2,0,2,302,2,2,135,2,2,2,0,0,15,0,0,0,12,0,2,135,2,2,2,1287
2014/10/6,92542,14,7,422,56,33,18,1,0,0,0,0,0,0,0,0,0,0,0,9,0,0,0,5,0,0,0,0,0,0,1288
2014/10/6,31344,33,10,733,426,136,41,3,2,0,0,0,0,0,0,0,0,0,0,8,0,0,0,7,0,0,0,0,0,2,1289
2014/10/6,125581,7,12,420,1798,1095,598,8,8,6,37029,6,6,11061,3,3,3,0,1,164,0,0,1,136,0,3,11061,3,3,8,1290
2014/10/6,102811,18,12,412,174,3,1,0,0,0,0,0,0,0,0,0,0,0,0,0,0,0,0,0,0,0,0,0,0,0,1291
2014/10/6,58630,17,12,629,245,15,8,0,0,0,0,0,0,0,0,0,0,0,0,3,0,0,0,2,0,0,0,0,0,0,1292
2014/10/6,110680,13,1,556,607,105,56,0,2,1,1309,1,1,0,0,0,0,0,0,9,0,0,0,8,0,0,0,0,0,0,1293
2014/10/6,23799,30,11,155,568,24,17,1,0,0,0,0,0,0,0,0,0,0,0,1,0,0,0,1,0,0,0,0,0,1,1294
2014/10/6,142104,32,11,422,389,165,72,5,12,13,51909,13,12,15172,11,11,11,0,0,39,0,0,0,35,0,11,15172,11,11,3,1295
2014/10/6,36046,4,11,510,1809,210,130,0,5,0,0,0,0,0,0,0,0,0,0,95,0,0,0,72,0,0,0,0,0,0,1296
2014/10/6,58552,13,1,202,1895,6688,2772,212,98,177,359722,177,141,167789,117,117,113,0,2,891,0,0,1,616,0,117,167789,117,113,167,1297
2014/10/6,67435,32,11,629,450,59,38,1,1,0,0,0,0,0,0,0,0,0,0,2,0,0,0,2,0,0,0,0,0,1,1298
2014/10/6,72136,21,11,510,1953,180,108,9,2,5,6064,5,5,5983,5,5,5,0,0,13,0,0,0,12,0,5,5983,5,5,8,1299
2014/10/6,119563,37,11,74,1184,53,30,0,1,0,0,0,0,0,0,0,0,0,0,5,0,0,0,4,0,0,0,0,0,0,1300
2014/10/6,158171,32,11,629,1052,59,17,0,0,1,3554,1,1,1348,1,1,1,0,0,7,0,0,0,4,0,1,1348,1,1,0,1301
2014/10/6,15200,35,13,569,71,169,59,1,1,1,1225,1,1,1122,1,1,1,0,0,32,0,0,0,23,0,1,1122,1,1,1,1302
2014/10/6,74794,25,12,412,1498,2,2,0,0,0,0,0,0,0,0,0,0,0,0,0,0,0,0,0,0,0,0,0,0,0,1303
2014/10/6,142842,37,11,480,340,20,17,1,0,0,0,0,0,0,0,0,0,0,0,0,0,0,0,0,0,0,0,0,0,1,1304
2014/10/6,17946,18,12,112,24,43,25,0,0,0,0,0,0,0,0,0,0,0,0,4,0,0,0,3,0,0,0,0,0,0,1305
2014/10/6,31275,13,1,172,1635,121,83,3,3,0,0,0,0,0,0,0,0,0,0,5,0,0,0,4,0,0,0,0,0,3,1306
2014/10/6,161685,35,13,119,1435,26,18,0,1,0,0,0,0,0,0,0,0,1,0,1,0,1,0,1,0,0,0,0,0,0,1307
2014/10/6,161205,39,12,406,1335,6,6,0,1,0,0,0,0,0,0,0,0,0,0,3,0,0,0,3,0,0,0,0,0,0,1308
2014/10/6,161850,39,12,420,1798,269,191,1,1,0,0,0,0,0,0,0,0,0,0,23,0,0,0,17,0,0,0,0,0,1,1309
2014/10/6,123928,21,11,510,676,200,99,5,0,3,6689,3,2,3410,2,2,2,0,0,2,0,0,0,2,0,2,3410,2,2,1,1310
2014/10/6,57886,4,11,510,676,395,207,9,2,8,5866,9,6,3492,4,5,4,0,0,54,0,0,0,44,0,4,3492,5,4,8,1311
2014/10/6,36223,39,12,219,1688,29,16,0,0,0,0,0,0,0,0,0,0,0,0,9,0,0,0,7,0,0,0,0,0,0,1312
2014/10/6,41655,26,8,422,1368,456,236,4,3,7,6261,7,1,1479,1,1,1,0,0,156,0,0,0,80,0,1,1479,1,1,2,1313
2014/10/6,82606,18,12,326,625,38,20,0,0,0,1553,0,0,354,0,0,0,0,0,3,0,0,0,3,0,0,354,0,0,0,1314
2014/10/6,143196,19,4,420,1798,6,4,0,0,0,0,0,0,0,0,0,0,0,0,0,0,0,0,0,0,0,0,0,0,0,1315
2014/10/6,125935,7,12,420,1798,328,212,2,2,0,0,0,0,0,0,0,0,0,0,54,0,0,0,47,0,0,0,0,0,2,1316
2014/10/6,65271,18,12,422,1680,36,25,1,1,2,2696,2,2,1243,2,2,2,0,0,5,0,0,0,5,0,2,1243,2,2,1,1317
2014/10/6,23160,39,12,153,890,10,9,0,0,0,0,0,0,0,0,0,0,0,0,1,0,0,0,1,0,0,0,0,0,0,1318
2014/10/6,105436,32,11,422,1669,135,63,0,1,1,3495,1,1,0,0,0,0,0,0,2,0,0,0,2,0,0,0,0,0,0,1319
2014/10/6,35299,4,11,422,2110,4437,1947,48,93,36,28356,37,30,12060,27,27,27,0,0,1072,0,0,0,879,0,27,12060,27,27,36,1320
2014/10/6,54388,39,12,168,397,1523,857,17,31,6,7111,6,5,2985,5,5,5,0,0,187,0,0,0,151,0,5,2985,5,5,17,1321
2014/10/6,127693,37,11,480,673,4,3,0,0,0,0,0,0,0,0,0,0,0,0,1,0,0,0,1,0,0,0,0,0,0,1322
2014/10/6,107446,20,5,400,255,991,623,9,8,1,4780,1,1,4016,1,1,1,0,0,79,0,0,0,69,0,1,4016,1,1,6,1323
2014/10/6,57079,14,7,510,676,1,1,0,0,0,0,0,0,0,0,0,0,0,0,0,0,0,0,0,0,0,0,0,0,0,1324
2014/10/6,151739,26,8,422,1368,1875,844,19,24,10,10231,10,8,5838,7,7,6,0,0,303,0,0,0,181,0,7,5838,7,6,16,1325
2014/10/6,64768,39,12,666,431,271,141,1,0,0,3296,0,0,0,0,0,0,0,0,13,0,0,0,10,0,0,0,0,0,1,1326
2014/10/6,81034,21,11,629,1537,2,2,0,0,0,0,0,0,0,0,0,0,0,0,2,0,0,0,2,0,0,0,0,0,0,1327
2014/10/6,32869,32,11,287,1944,6,5,0,0,0,0,0,0,0,0,0,0,0,0,0,0,0,0,0,0,0,0,0,0,0,1328
2014/10/6,37645,32,11,422,1669,1657,758,66,30,52,151771,52,45,46165,43,43,43,0,0,295,0,0,0,220,0,43,46165,43,43,53,1329
2014/10/6,55159,20,5,84,1387,203,124,7,0,0,0,0,0,0,0,0,0,0,0,50,0,0,0,34,0,0,0,0,0,4,1330
2014/10/6,32782,4,11,384,1623,90,53,0,2,0,0,0,0,0,0,0,0,0,0,14,0,0,0,12,0,0,0,0,0,0,1331
2014/10/6,42093,32,11,234,229,615,341,13,7,8,59036,8,8,24046,7,7,7,0,0,132,0,0,0,112,0,7,24046,7,7,12,1332
2014/10/6,94666,21,11,155,568,74,49,3,0,0,0,0,0,0,0,0,0,0,1,7,0,0,1,7,0,0,0,0,0,2,1333
2014/10/6,96025,17,12,510,676,19,15,0,0,0,0,0,0,0,0,0,0,0,0,1,0,0,0,1,0,0,0,0,0,0,1334
2014/10/6,9089,11,12,618,449,10,6,0,0,0,0,0,0,0,0,0,0,0,0,2,0,0,0,2,0,0,0,0,0,0,1335
2014/10/6,130397,39,12,422,661,371,189,4,25,27,44943,27,27,10798,26,26,26,0,0,100,0,0,0,80,0,26,10798,26,26,4,1336
2014/10/6,138840,18,12,305,679,252,117,2,2,0,3040,0,0,1425,0,0,0,0,0,19,0,0,0,18,0,0,1425,0,0,0,1337
2014/10/6,105613,32,11,422,1680,9,5,0,0,0,0,0,0,0,0,0,0,0,0,0,0,0,0,0,0,0,0,0,0,0,1338
2014/10/6,160626,37,11,298,996,24,21,0,0,0,0,0,0,0,0,0,0,0,0,7,0,0,0,6,0,0,0,0,0,0,1339
2014/10/6,144954,32,11,234,229,5,5,1,0,0,0,0,0,0,0,0,0,0,0,0,0,0,0,0,0,0,0,0,0,1,1340
2014/10/6,90904,33,10,473,18,30,16,0,2,0,0,0,0,0,0,0,0,0,0,3,0,0,0,3,0,0,0,0,0,0,1341
2014/10/6,26115,37,11,628,555,2,1,0,0,0,0,0,0,0,0,0,0,0,0,0,0,0,0,0,0,0,0,0,0,0,1342
2014/10/6,33388,21,11,594,2052,3,3,0,0,0,0,0,0,0,0,0,0,0,0,2,0,0,0,2,0,0,0,0,0,0,1343
2014/10/6,132570,32,11,133,1970,210,89,7,3,2,5440,2,2,3605,2,2,2,0,0,23,0,0,0,19,0,2,3605,2,2,5,1344
2014/10/6,9425,26,8,193,1479,207,152,3,2,1,737,1,1,315,1,1,1,0,0,43,0,0,0,39,0,1,315,1,1,3,1345
2014/10/6,147390,37,11,480,1857,97,87,2,4,0,0,0,0,0,0,0,0,0,0,3,0,0,0,3,0,0,0,0,0,2,1346
2014/10/6,31299,17,12,666,431,938,707,9,7,4,23115,4,2,7056,2,2,2,0,0,46,0,0,0,37,0,2,7056,2,2,7,1347
2014/10/6,146967,17,12,420,1798,3010,1551,62,40,24,171009,24,22,71203,15,15,15,0,0,151,0,0,0,110,0,15,71203,15,15,55,1348
2014/10/6,142782,39,12,629,11,224,128,0,1,0,1390,0,0,740,0,0,0,0,0,47,0,0,0,38,0,0,740,0,0,0,1349
2014/10/6,27195,4,11,629,190,83,48,6,2,0,827,0,0,0,0,0,0,0,0,11,0,0,0,9,0,0,0,0,0,1,1350
2014/10/6,6572,25,12,412,174,177,86,5,5,2,16022,2,2,4182,1,1,1,0,0,17,0,0,0,13,0,1,4182,1,1,4,1351
2014/10/6,71005,20,5,178,385,162,114,4,3,1,13140,1,1,6363,1,1,1,0,0,13,0,0,0,10,0,1,6363,1,1,4,1352
2014/10/6,68795,32,11,629,974,812,377,17,10,15,82908,15,15,34926,15,15,15,0,0,155,0,0,0,137,0,15,34926,15,15,16,1353
2014/10/6,50470,37,11,74,1184,33,9,0,0,0,0,0,0,0,0,0,0,0,0,5,0,0,0,1,0,0,0,0,0,0,1354
2014/10/6,66220,32,11,203,803,75,52,1,0,0,5800,0,0,0,0,0,0,0,0,2,0,0,0,2,0,0,0,0,0,1,1355
2014/10/6,52564,32,11,219,2062,866,456,12,9,12,57917,12,9,12776,8,8,8,0,0,94,0,0,0,71,0,8,12776,8,8,8,1356
2014/10/6,22108,21,11,510,676,1418,840,46,21,22,29010,23,20,21493,17,18,17,1,2,204,0,1,1,163,0,17,21493,18,17,37,1357
2014/10/6,62127,13,1,136,443,387,238,4,4,1,8252,1,1,2712,1,1,1,0,0,123,0,0,0,108,0,1,2712,1,1,3,1358
2014/10/6,20499,39,12,422,237,1,1,0,0,0,0,0,0,0,0,0,0,0,0,0,0,0,0,0,0,0,0,0,0,0,1359
2014/10/6,119596,37,11,74,1184,132,55,1,4,1,632,1,1,358,1,1,1,0,0,4,0,0,0,4,0,1,358,1,1,1,1360
2014/10/6,80701,7,12,203,279,1,1,0,0,0,0,0,0,0,0,0,0,0,0,0,0,0,0,0,0,0,0,0,0,0,1361
2014/10/6,62940,7,12,390,2063,278,149,0,1,3,9558,3,1,5257,2,2,1,0,0,60,0,0,0,48,0,2,5257,2,1,0,1362
2014/10/6,65713,26,8,193,1479,776,457,21,11,8,5765,8,8,2473,8,8,8,0,0,197,0,0,0,167,0,8,2473,8,8,19,1363
2014/10/6,106057,14,7,665,1280,8,4,1,0,1,6003,1,1,0,0,0,0,0,0,3,0,0,0,2,0,0,0,0,0,1,1364
2014/10/6,151025,39,12,629,245,28,21,1,0,0,0,0,0,0,0,0,0,0,0,0,0,0,0,0,0,0,0,0,0,0,1365
2014/10/6,152439,39,12,406,1335,4,2,0,0,0,0,0,0,0,0,0,0,0,0,1,0,0,0,1,0,0,0,0,0,0,1366
2014/10/6,99376,21,11,422,240,275,167,13,5,2,4287,2,2,1380,1,1,1,0,0,32,0,0,0,27,0,1,1380,1,1,11,1367
2014/10/6,134676,33,10,320,234,19,14,0,0,0,0,0,0,0,0,0,0,0,0,5,0,0,0,5,0,0,0,0,0,0,1368
2014/10/6,61285,7,12,422,1890,286,190,3,7,3,2238,3,3,1832,3,3,3,0,0,108,0,0,0,91,0,3,1832,3,3,3,1369
2014/10/6,161238,21,11,581,1989,1698,1177,31,13,7,21691,7,7,7151,2,2,2,0,0,186,0,0,0,153,0,2,7151,2,2,23,1370
2014/10/6,197,21,11,422,2023,53,33,0,0,1,4888,2,1,0,0,0,0,0,0,2,0,0,0,2,0,0,0,0,0,0,1371
2014/10/6,101615,26,8,564,1028,239,152,0,2,2,4429,2,1,1014,1,1,1,0,0,30,0,0,0,27,0,1,1014,1,1,0,1372
2014/10/6,38095,37,11,480,1203,4,2,0,0,0,0,0,0,0,0,0,0,0,0,0,0,0,0,0,0,0,0,0,0,0,1373
2014/10/6,51412,39,12,692,1979,24,14,0,0,0,0,0,0,0,0,0,0,0,0,3,0,0,0,3,0,0,0,0,0,0,1374
2014/10/6,129166,39,12,412,1498,3,2,0,0,0,0,0,0,0,0,0,0,0,0,0,0,0,0,0,0,0,0,0,0,0,1375
2014/10/6,149832,39,12,168,1745,136,81,1,5,4,6714,4,4,2473,4,4,4,0,0,31,0,0,0,24,0,4,2473,4,4,1,1376
2014/10/6,81229,39,12,601,810,1,1,0,0,0,0,0,0,0,0,0,0,0,0,0,0,0,0,0,0,0,0,0,0,0,1377
2014/10/6,68077,26,8,510,676,1295,713,61,13,24,33357,24,18,19095,14,14,14,1,1,193,0,1,0,151,0,14,19095,14,14,46,1378
2014/10/6,166581,32,11,225,1286,193,109,2,1,0,5411,0,0,0,0,0,0,0,0,15,0,0,0,14,0,0,0,0,0,0,1379
2014/10/6,162006,17,12,203,840,296,184,2,0,0,5378,0,0,0,0,0,0,0,0,0,113,0,0,0,101,0,0,0,0,1,1380
2014/10/6,35911,21,11,355,1195,67,34,1,0,2,1781,2,1,0,0,0,0,0,0,12,0,0,0,8,0,0,0,0,0,1,1381
2014/10/6,119041,39,12,629,245,28,21,0,0,0,0,0,0,0,0,0,0,0,0,0,0,0,0,0,0,0,0,0,0,0,1382
2014/10/6,25455,37,11,485,1963,61,50,0,2,0,0,0,0,0,0,0,0,0,0,4,0,0,0,4,0,0,0,0,0,0,1383
2014/10/6,111017,39,12,406,1335,30,22,0,1,0,0,0,0,0,0,0,0,0,0,9,0,0,0,6,0,0,0,0,0,0,1384
2014/10/6,83405,18,12,380,48,2862,1111,17,63,15,27441,15,14,10738,12,12,12,0,0,421,0,0,0,329,0,12,10738,12,12,14,1385
2014/10/6,117850,14,7,510,1218,18,5,3,0,0,0,0,0,0,0,0,0,0,0,3,0,0,0,3,0,0,0,0,0,1,1386
2014/10/6,11068,39,12,422,51,341,188,6,5,4,2448,4,4,1138,4,4,4,0,0,88,0,0,0,72,0,4,1138,4,4,5,1387
2014/10/6,27462,7,12,420,1798,332,187,3,2,0,0,0,0,0,0,0,0,0,0,46,0,0,0,36,0,0,0,0,0,2,1388
2014/10/6,61294,21,11,349,265,11,9,0,0,0,0,0,0,0,0,0,0,0,0,2,0,0,0,2,0,0,0,0,0,0,1389
2014/10/6,99802,37,11,480,1595,70,37,0,0,0,294,0,0,176,0,0,0,0,0,2,0,0,0,2,0,0,176,0,0,0,1390
2014/10/6,132849,13,1,542,1684,672,393,16,12,9,24886,9,5,10385,3,3,3,0,0,118,0,0,0,97,0,3,10385,3,3,16,1391
2014/10/6,165345,26,8,193,1479,709,329,22,16,9,36151,9,9,5588,6,6,6,0,0,80,0,0,0,73,0,6,5588,6,6,19,1392
2014/10/6,113929,22,4,41,662,29,20,0,0,1,180,1,1,88,0,0,0,0,0,8,0,0,0,7,0,0,88,0,0,0,1393
2014/10/6,102955,21,11,507,1781,92,49,2,0,0,0,0,0,0,0,0,0,0,0,28,0,0,0,15,0,0,0,0,0,1,1394
2014/10/6,24867,18,12,112,24,4,3,0,0,1,2163,1,1,0,0,0,0,0,0,1,0,0,0,1,0,0,0,0,0,0,1395
2014/10/6,162744,21,11,422,240,62,31,0,2,3,7369,3,2,2299,2,2,2,0,0,3,0,0,0,3,0,2,2299,2,2,0,1396
2014/10/6,96223,32,11,225,1706,6239,4226,25,51,12,52320,12,9,16426,4,4,4,0,0,113,733,0,0,81,665,0,0,0,0,21,1397
2014/10/6,85339,39,12,406,1335,26,14,0,0,0,0,0,0,0,0,0,0,0,0,5,0,0,0,3,0,0,0,0,0,0,1398
2014/10/6,117691,32,11,203,840,3540,2344,20,14,10,33071,10,8,13019,5,5,5,0,0,194,132,0,0,150,126,4,9859,4,4,19,1399
2014/10/6,115207,7,12,62,211,852,654,2,2,0,2031,0,0,1015,0,0,0,0,0,30,0,0,0,25,0,0,1015,0,0,2,1400
2014/10/6,149598,21,11,422,240,66,34,0,1,0,0,0,0,0,0,0,0,0,0,0,0,0,0,0,0,0,0,0,0,0,1401
2014/10/6,12485,39,12,510,676,335,155,7,4,1,2042,1,1,2042,1,1,1,0,0,79,0,0,0,54,0,1,2042,1,1,4,1402
2014/10/6,15257,30,11,298,996,26,23,1,0,0,0,0,0,0,0,0,0,0,0,5,0,0,0,5,0,0,0,0,0,1,1403
2014/10/6,151776,26,8,422,1368,12093,4962,302,244,200,238660,206,160,112535,137,139,132,0,4,2249,0,0,3,1390,0,137,112535,139,132,244,1404
2014/10/6,89185,39,12,422,1680,2175,1115,38,38,41,68264,41,37,19650,32,32,32,1,2,528,0,1,2,426,0,32,19650,32,32,36,1405
2014/10/6,125899,7,12,439,578,447,275,3,23,27,71084,27,25,22759,24,24,24,0,2,107,0,0,0,91,0,24,22759,24,24,3,1406
2014/10/6,15170,39,12,422,58,848,458,23,13,9,3976,9,8,2176,7,7,7,0,0,120,0,0,0,99,0,7,2176,7,7,20,1407
2014/10/6,53350,32,11,219,2062,4379,1983,73,56,39,141973,40,36,49872,37,38,37,0,0,813,0,0,0,621,0,37,49872,38,37,63,1408
2014/10/6,105562,17,12,619,945,12,1,1,1,1,1006,1,1,0,0,0,0,0,0,0,0,0,0,0,0,0,0,0,0,1,1409
2014/10/6,31491,39,12,219,2062,169,106,5,2,1,1814,1,1,704,1,1,1,0,0,52,0,0,0,44,0,1,704,1,1,5,1410
2014/10/6,144420,13,1,507,676,737,405,33,15,21,30429,21,17,18848,13,13,12,0,0,40,0,0,0,30,0,13,18848,13,12,28,1411
2014/10/6,75949,33,10,81,1832,31,10,1,0,1,7221,1,0,1127,0,0,0,0,0,0,0,0,0,0,0,0,1127,0,0,1,1412
2014/10/6,124906,17,12,420,1798,31,22,0,1,0,0,0,0,0,0,0,0,0,0,3,0,0,0,3,0,0,0,0,0,0,1413
2014/10/6,3435,35,13,3,1115,2333,1246,21,20,7,12865,7,6,11447,6,6,6,0,0,336,0,0,0,223,0,6,11447,6,6,17,1414
2014/10/6,12659,21,11,629,190,25,16,0,0,3,10806,7,1,577,0,0,0,0,0,5,0,0,0,4,0,0,577,0,0,0,1415
2014/10/6,136956,18,12,422,796,110,64,3,1,0,0,0,0,0,0,0,0,0,0,6,0,0,0,6,0,0,0,0,0,3,1416
2014/10/6,59548,21,11,87,941,1,1,0,0,0,0,0,0,0,0,0,0,0,0,0,0,0,0,0,0,0,0,0,0,0,1417
2014/10/6,32340,32,11,133,543,43,36,2,0,2,6931,3,2,3581,2,3,2,0,0,27,0,0,0,25,0,2,3581,3,2,1,1418
2014/10/6,81244,39,12,420,1798,294,209,8,4,4,14760,4,1,0,0,0,0,0,0,27,0,0,0,21,0,0,0,0,0,5,1419
2014/10/6,70270,11,12,127,1199,117,67,2,0,0,0,0,0,0,0,0,0,0,0,10,0,0,0,9,0,0,0,0,0,1,1420
2014/10/6,154800,32,11,422,1653,5,4,0,0,0,0,0,0,0,0,0,0,0,0,4,0,0,0,3,0,0,0,0,0,0,1421
2014/10/6,18030,13,1,510,1401,185,126,1,3,2,4014,2,2,3517,2,2,2,0,0,40,0,0,0,30,0,2,3517,2,2,1,1422
2014/10/6,161340,13,1,498,573,298,182,14,5,5,5376,5,3,3206,3,3,3,0,0,86,0,0,0,76,0,3,3206,3,3,14,1423
2014/10/6,61390,17,12,422,1890,165,86,1,1,0,0,0,0,0,0,0,0,0,0,33,0,0,0,30,0,0,0,0,0,1,1424
2014/10/6,92137,17,12,234,1174,25,17,0,1,0,0,0,0,0,0,0,0,0,0,1,0,0,0,1,0,0,0,0,0,0,1425
2014/10/6,99904,7,12,422,237,4,3,0,0,0,0,0,0,0,0,0,0,0,0,0,0,0,0,0,0,0,0,0,0,0,1426
2014/10/6,142422,35,13,497,1365,650,332,9,3,1,14174,1,0,4672,0,0,0,0,0,117,0,0,0,95,0,0,4672,0,0,9,1427
2014/10/6,70444,7,12,203,1976,1,1,0,0,0,0,0,0,0,0,0,0,0,0,0,0,0,0,0,0,0,0,0,0,0,1428
2014/10/6,95722,13,1,412,31,592,373,6,7,1,3925,1,1,3052,1,1,1,0,0,72,0,0,0,64,0,1,3052,1,1,5,1429
2014/10/6,89362,37,11,480,1595,96,30,1,1,3,1448,4,3,845,3,4,3,0,0,3,0,0,0,3,0,3,845,4,3,1,1430
2014/10/6,727,21,11,581,1989,1962,1089,37,14,20,54708,20,16,27732,11,11,10,0,0,281,0,0,0,242,0,11,27732,11,10,34,1431
2014/10/6,75871,39,12,684,9,97,56,0,2,0,0,0,0,0,0,0,0,0,0,7,0,0,0,5,0,0,0,0,0,0,1432
2014/10/6,124666,4,11,87,941,20,11,0,0,0,0,0,0,0,0,0,0,0,0,5,0,0,0,5,0,0,0,0,0,0,1433
2014/10/6,149943,22,4,41,662,31,22,0,0,0,0,0,0,0,0,0,0,1,0,10,0,1,0,9,0,0,0,0,0,0,1434
2014/10/6,140250,18,12,40,430,6,4,1,0,0,0,0,0,0,0,0,0,0,0,0,0,0,0,0,0,0,0,0,0,1,1435
2014/10/6,32439,32,11,287,1189,7,7,0,0,0,0,0,0,0,0,0,0,0,0,1,0,0,0,1,0,0,0,0,0,0,1436
2014/10/6,99577,21,11,87,1972,80,46,0,1,1,1704,1,1,1642,1,1,1,0,0,16,0,0,0,16,0,1,1642,1,1,0,1437
2014/10/6,88120,39,12,594,2052,23,17,0,0,0,0,0,0,0,0,0,0,0,0,7,0,0,0,7,0,0,0,0,0,0,1438
2014/10/6,132051,26,8,198,603,307,224,2,5,3,4448,3,3,4127,3,3,3,0,0,55,0,0,0,49,0,3,4127,3,3,2,1439
2014/10/6,84923,13,1,510,676,6976,3235,118,127,49,54986,49,45,34057,37,37,37,1,0,957,0,1,0,591,0,37,34057,37,37,104,1440
2014/10/6,12104,7,12,422,528,0,0,0,0,0,0,0,0,0,0,0,0,0,0,0,0,0,0,0,0,0,0,0,0,0,1441
2014/10/6,65836,22,4,3,569,6,3,0,0,0,0,0,0,0,0,0,0,0,0,1,0,0,0,1,0,0,0,0,0,0,1442
2014/10/6,124837,37,11,480,728,34,27,0,2,0,0,0,0,0,0,0,0,0,0,7,0,0,0,7,0,0,0,0,0,0,1443
2014/10/6,4044,17,12,203,840,328,149,3,2,0,6438,0,0,2842,0,0,0,0,0,16,0,0,0,14,0,0,2842,0,0,1,1444
2014/10/6,154815,17,12,380,48,14,11,0,0,0,0,0,0,0,0,0,0,0,0,1,0,0,0,0,0,0,0,0,0,0,1445
2014/10/6,7716,7,12,619,945,237,129,4,2,9,5800,9,9,4115,8,8,8,0,0,49,0,0,0,43,0,8,4115,8,8,4,1446
2014/10/6,41158,35,13,84,2060,192,91,1,2,1,1453,1,1,1374,1,1,1,0,0,35,0,0,0,30,0,1,1374,1,1,1,1447
2014/10/6,110617,20,5,400,1982,13,8,1,0,0,0,0,0,0,0,0,0,0,0,2,0,0,0,1,0,0,0,0,0,1,1448
2014/10/6,144273,39,12,390,2063,18,12,0,0,0,0,0,0,0,0,0,0,0,0,2,0,0,0,2,0,0,0,0,0,0,1449
2014/10/6,43162,37,11,480,1595,0,0,0,0,0,0,0,0,0,0,0,0,0,0,0,0,0,0,0,0,0,0,0,0,0,1450
2014/10/6,15191,13,1,422,219,1723,783,35,30,17,35925,17,13,22443,14,14,14,0,0,282,0,0,0,149,0,14,22443,14,14,22,1451
2014/10/6,42004,21,11,510,1075,4,3,0,0,0,0,0,0,0,0,0,0,0,0,1,0,0,0,1,0,0,0,0,0,0,1452
2014/10/6,167715,13,1,35,1808,1044,440,34,12,18,42007,20,15,19942,13,15,13,0,0,110,0,0,0,78,0,13,19942,15,13,26,1453
2014/10/6,82840,13,1,234,762,180,87,6,4,1,1603,1,1,740,1,1,1,0,0,7,0,0,0,6,0,1,740,1,1,6,1454
2014/10/6,65593,13,1,35,1808,393,256,6,5,6,5380,6,1,5380,6,6,1,0,0,69,0,0,0,60,0,6,5380,6,1,6,1455
2014/10/6,124111,25,12,412,174,2022,995,44,31,2,32417,2,2,12771,2,2,2,0,1,326,0,0,1,271,0,2,12771,2,2,34,1456
2014/10/6,14207,39,12,422,58,874,472,13,16,12,4880,12,11,2762,10,10,10,0,0,123,0,0,0,101,0,10,2762,10,10,13,1457
2014/10/6,77161,26,8,68,1290,153,86,2,0,0,0,0,0,0,0,0,0,0,0,13,0,0,0,12,0,0,0,0,0,1,1458
2014/10/6,82846,22,4,41,662,8,2,0,0,0,28,0,0,28,0,0,0,0,0,3,0,0,0,1,0,0,28,0,0,0,1459
2014/10/6,140181,32,11,422,1450,353,179,1,32,34,48077,34,34,23523,31,31,31,0,0,100,0,0,0,82,0,31,23523,31,31,1,1460
2014/10/6,21399,32,11,422,1669,159,66,6,2,5,20977,5,4,6065,4,4,4,0,0,1,0,0,0,1,0,4,6065,4,4,1,1461
2014/10/6,37060,39,12,422,1680,2085,1076,14,35,22,40158,22,18,13026,19,19,19,0,1,513,0,0,1,412,0,19,13026,19,19,14,1462
2014/10/6,61102,39,12,203,279,69,45,2,0,0,0,0,0,0,0,0,0,0,0,23,0,0,0,16,0,0,0,0,0,0,1463
2014/10/6,43429,37,11,74,1184,32,8,1,0,1,655,1,0,196,0,0,0,0,0,4,0,0,0,0,0,0,196,0,0,0,1464
2014/10/6,23571,21,11,305,123,3,1,1,0,0,0,0,0,0,0,0,0,0,0,0,0,0,0,0,0,0,0,0,0,1,1465
2014/10/6,149961,37,11,480,1548,3795,2038,49,177,34,21712,35,30,8204,29,30,29,0,1,1416,0,0,1,1112,0,29,8204,30,29,31,1466
2014/10/6,81520,37,11,480,728,29,23,0,0,0,0,0,0,0,0,0,0,0,0,5,0,0,0,5,0,0,0,0,0,0,1467
2014/10/6,142614,32,11,133,1970,168,127,1,3,1,3087,1,1,2537,1,1,1,0,0,2,0,0,0,2,0,1,2537,1,1,1,1468
2014/10/6,13282,18,12,380,48,2892,1122,8,64,13,24150,14,9,7957,9,10,9,0,0,425,0,0,0,332,0,9,7957,10,9,6,1469
2014/10/6,141207,17,12,203,840,1203,634,22,10,8,38462,8,5,18765,3,3,3,0,0,167,0,0,0,138,0,3,18765,3,3,15,1470
2014/10/6,145050,13,1,404,1921,173,126,3,6,3,4729,3,3,2189,3,3,3,0,0,12,0,0,0,11,0,3,2189,3,3,3,1471
2014/10/6,114811,39,12,168,823,4,2,0,0,0,0,0,0,0,0,0,0,0,0,1,0,0,0,1,0,0,0,0,0,0,1472
2014/10/6,79996,13,1,510,676,759,497,12,8,1,13570,1,1,0,0,0,0,0,0,150,0,0,0,131,0,0,0,0,0,11,1473
2014/10/6,25839,37,11,480,1206,17,16,0,0,2,949,3,1,459,1,2,1,0,0,2,0,0,0,2,0,1,459,2,1,0,1474
2014/10/6,9827,32,11,422,1646,14,10,0,0,0,0,0,0,0,0,0,0,0,0,4,0,0,0,3,0,0,0,0,0,0,1475
2014/10/6,105932,39,12,203,840,624,391,6,9,1,4946,1,1,3410,1,1,1,0,0,95,0,0,0,73,0,1,3410,1,1,5,1476
2014/10/6,54886,18,12,305,1276,17,6,0,1,0,0,0,0,0,0,0,0,0,0,0,0,0,0,0,0,0,0,0,0,0,1477
2014/10/6,86953,17,12,420,1798,122,66,2,0,0,0,0,0,0,0,0,0,0,0,3,0,0,0,2,0,0,0,0,0,0,1478
2014/10/6,39412,7,12,203,840,57,42,2,0,0,0,0,0,0,0,0,0,0,0,7,0,0,0,7,0,0,0,0,0,1,1479
2014/10/6,161378,13,1,498,573,4285,2115,86,72,58,151381,58,50,47089,40,40,40,0,1,451,0,0,0,331,0,40,47089,40,40,78,1480
2014/10/6,21570,39,12,682,1862,25,9,0,0,0,0,0,0,0,0,0,0,0,0,2,0,0,0,2,0,0,0,0,0,0,1481
2014/10/6,81196,30,11,143,600,8,7,0,0,0,0,0,0,0,0,0,0,0,0,3,0,0,0,3,0,0,0,0,0,0,1482
2014/10/6,85291,13,1,172,1635,0,0,0,0,0,0,0,0,0,0,0,0,0,0,0,0,0,0,0,0,0,0,0,0,0,1483
2014/10/6,133659,17,12,422,51,44,12,0,1,1,2487,1,1,1232,1,1,1,0,0,2,0,0,0,2,0,1,1232,1,1,0,1484
2014/10/6,130408,22,4,574,690,31,22,0,0,0,407,1,0,203,0,1,0,0,0,2,0,0,0,2,0,0,203,1,0,0,1485
2014/10/6,32715,16,4,443,1269,0,0,0,0,0,0,0,0,0,0,0,0,0,0,0,0,0,0,0,0,0,0,0,0,0,1486
2014/10/6,60604,30,11,298,996,26,24,0,0,0,0,0,0,0,0,0,0,0,0,8,0,0,0,8,0,0,0,0,0,0,1487
2014/10/6,70810,37,11,485,1963,58,48,0,1,0,0,0,0,0,0,0,0,0,0,3,0,0,0,3,0,0,0,0,0,0,1488
2014/10/6,100267,39,12,149,543,381,196,10,46,9,5662,9,9,1889,7,7,7,1,0,93,0,1,0,73,0,7,1889,7,7,7,1489
2014/10/6,148569,39,12,234,229,322,191,1,3,1,5894,1,1,2946,1,1,1,1,0,61,0,1,0,49,0,1,2946,1,1,1,1490
2014/10/6,103855,37,11,480,1278,133,53,3,5,5,1558,5,5,1020,5,5,5,0,0,30,0,0,0,27,0,5,1020,5,5,3,1491
2014/10/6,123628,37,11,485,1963,1226,588,8,53,6,3400,6,6,1503,5,5,5,0,0,288,0,0,0,250,0,5,1503,5,5,7,1492
2014/10/6,166167,26,8,667,1401,3,3,0,0,0,0,0,0,0,0,0,0,0,0,0,0,0,0,0,0,0,0,0,0,0,1493
2014/10/6,161556,39,12,203,279,191,97,0,2,1,5922,1,1,1972,1,1,1,0,0,45,0,0,0,40,0,1,1972,1,1,0,1494
2014/10/6,59590,13,1,505,2043,269,125,1,10,0,0,0,0,0,0,0,0,0,0,13,0,0,0,11,0,0,0,0,0,1,1495
2014/10/6,105865,37,11,480,146,12,8,0,0,1,240,1,1,147,1,1,1,0,0,2,0,0,0,1,0,1,147,1,1,0,1496
2014/10/6,50887,26,8,185,1054,2779,1609,69,55,47,85142,47,44,33322,36,36,36,0,0,63,0,0,0,52,0,36,33322,36,36,59,1497
2014/10/6,59596,32,11,219,2062,261,181,4,0,0,6908,0,0,1225,0,0,0,0,0,14,0,0,0,12,0,0,1225,0,0,2,1498
2014/10/6,24528,39,12,422,1890,587,334,7,8,5,4514,5,5,3590,5,5,5,0,0,187,0,0,0,142,0,5,3590,5,5,6,1499
2014/10/6,106714,32,11,422,1993,179,94,0,3,0,0,0,0,0,0,0,0,0,0,13,0,0,0,11,0,0,0,0,0,0,1500
2014/10/6,3654,9,4,510,6,14,6,0,0,0,0,0,0,0,0,0,0,0,0,1,0,0,0,1,0,0,0,0,0,0,1501
2014/10/6,38581,33,10,320,234,3,3,0,0,0,3648,0,0,1897,0,0,0,0,0,0,0,0,0,0,0,0,1897,0,0,0,1502
2014/10/6,72667,13,1,234,1066,0,0,0,0,0,0,0,0,0,0,0,0,0,0,0,0,0,0,0,0,0,0,0,0,0,1503
2014/10/6,168348,18,12,422,1890,420,224,5,2,1,5776,1,1,3551,1,1,1,0,0,96,0,0,0,73,0,1,3551,1,1,4,1504
2014/10/6,16241,21,11,305,679,105,66,0,3,1,702,1,1,0,0,0,0,0,0,18,0,0,0,16,0,0,0,0,0,0,1505
2014/10/6,62623,39,12,422,1680,38,29,0,2,0,0,0,0,0,0,0,0,0,0,6,0,0,0,4,0,0,0,0,0,0,1506
2014/10/7,51007,33,10,691,1616,10,4,2,0,0,0,0,0,0,0,0,0,0,0,0,0,0,0,0,0,0,0,0,0,1,1507
2014/10/7,92188,39,12,203,1561,101,69,1,0,1,5145,1,1,1978,1,1,1,0,0,17,0,0,0,16,0,1,1978,1,1,1,1508
2014/10/7,96283,32,11,629,190,6,4,0,0,0,0,0,0,0,0,0,0,0,0,0,0,0,0,0,0,0,0,0,0,0,1509
2014/10/7,135033,4,11,511,1283,49,26,0,1,0,680,0,0,291,0,0,0,0,0,3,0,0,0,3,0,0,291,0,0,0,1510
2014/10/7,110906,18,12,422,51,954,517,28,11,13,56422,13,12,14075,11,11,11,0,0,278,0,0,0,220,0,11,14075,11,11,24,1511
2014/10/7,55750,39,12,203,1561,21,14,0,0,0,0,0,0,0,0,0,0,0,0,1,0,0,0,1,0,0,0,0,0,0,1512
2014/10/7,64381,21,11,601,810,131,67,4,0,1,2524,1,1,1415,1,1,1,0,0,22,0,0,0,16,0,1,1415,1,1,3,1513
2014/10/7,39436,32,11,234,306,28,17,0,1,0,0,0,0,0,0,0,0,0,0,7,0,0,0,7,0,0,0,0,0,0,1514
2014/10/7,70012,17,12,231,492,130,106,0,9,0,0,0,0,0,0,0,0,0,0,3,0,0,0,2,0,0,0,0,0,0,1515
2014/10/7,85567,4,11,82,268,22,9,1,0,0,0,0,0,0,0,0,0,0,0,1,0,0,0,1,0,0,0,0,0,1,1516
2014/10/7,148668,37,11,480,728,230,158,3,13,3,2230,4,3,805,3,4,3,0,0,62,0,0,0,55,0,3,805,4,3,2,1517
2014/10/7,147255,7,12,234,306,13,9,0,0,0,0,0,0,0,0,0,0,0,0,5,0,0,0,4,0,0,0,0,0,0,1518
2014/10/7,53830,16,4,477,1085,12,4,0,0,0,0,0,0,0,0,0,0,0,0,0,0,0,0,0,0,0,0,0,0,0,1519
2014/10/7,147420,18,12,305,1276,2684,1178,110,68,53,55629,53,48,20999,41,41,41,0,0,401,0,0,0,316,0,41,20999,41,41,91,1520
2014/10/7,65236,39,12,420,1798,180,128,0,1,1,3291,1,1,0,0,0,0,0,0,16,0,0,0,16,0,0,0,0,0,0,1521
2014/10/7,66811,39,12,422,796,10,9,0,0,0,0,0,0,0,0,0,0,0,0,4,0,0,0,4,0,0,0,0,0,0,1522
2014/10/7,125563,17,12,420,1798,348,190,0,3,0,0,0,0,0,0,0,0,0,0,40,0,0,0,37,0,0,0,0,0,0,1523
2014/10/7,121630,32,11,234,1174,38,27,0,1,2,7029,2,1,0,0,0,0,0,0,0,0,0,0,0,0,0,0,0,0,0,1524
2014/10/7,49732,17,12,305,1371,3,3,0,0,0,0,0,0,0,0,0,0,0,0,0,0,0,0,0,0,0,0,0,0,0,1525
2014/10/7,64477,18,12,305,679,14,10,0,0,0,0,0,0,0,0,0,0,0,0,4,0,0,0,4,0,0,0,0,0,0,1526
2014/10/7,137136,7,12,420,1798,3062,1635,44,27,19,81653,20,15,48518,14,15,14,0,1,690,0,0,1,589,0,14,48518,15,14,40,1527
2014/10/7,80062,21,11,510,676,106,76,0,1,0,0,0,0,0,0,0,0,0,0,18,0,0,0,16,0,0,0,0,0,0,1528
2014/10/7,42301,18,12,326,625,80,46,2,1,0,1928,0,0,284,0,0,0,0,0,8,0,0,0,8,0,0,284,0,0,1,1529
2014/10/7,22282,14,7,172,1635,20,12,1,0,0,0,0,0,0,0,0,0,0,0,4,0,0,0,2,0,0,0,0,0,1,1530
2014/10/7,300,36,4,657,294,102,38,3,1,4,1382,8,3,444,3,7,3,0,0,25,0,0,0,14,0,3,444,7,3,3,1531
2014/10/7,92536,39,12,168,397,12,5,0,0,0,0,0,0,0,0,0,0,0,0,0,0,0,0,0,0,0,0,0,0,0,1532
2014/10/7,18435,32,11,629,1537,245,125,0,4,0,0,0,0,0,0,0,0,0,0,82,0,0,0,53,0,0,0,0,0,0,1533
2014/10/7,150126,14,7,683,2027,79,50,0,0,1,4029,1,1,3653,2,2,2,0,0,6,0,0,0,6,0,2,3653,2,2,0,1534
2014/10/7,131934,32,11,422,1450,296,155,1,32,6,10525,6,4,4196,4,4,4,0,0,83,0,0,0,68,0,4,4196,4,4,1,1535
2014/10/7,75706,37,11,74,1184,151,60,1,6,1,339,1,1,198,1,1,1,0,0,4,0,0,0,3,0,1,198,1,1,1,1536
2014/10/7,28810,37,11,480,728,72,39,1,1,1,316,1,1,158,1,1,1,0,0,13,0,0,0,9,0,1,158,1,1,0,1537
2014/10/7,82894,39,12,168,823,10,4,0,0,0,0,0,0,0,0,0,0,0,0,2,0,0,0,2,0,0,0,0,0,0,1538
2014/10/7,71275,20,5,320,736,183,108,4,7,2,7916,2,2,3275,1,1,1,0,0,39,0,0,0,35,0,1,3275,1,1,3,1539
2014/10/7,146679,13,1,556,607,161,111,8,4,2,1475,2,2,0,0,0,0,0,0,33,0,0,0,29,0,0,0,0,0,7,1540
2014/10/7,16434,21,11,305,582,52,13,7,0,8,38853,34,4,919,1,1,1,0,0,2,0,0,0,0,0,1,919,1,1,3,1541
2014/10/7,80078,32,11,510,676,430,247,20,8,4,5532,4,3,3319,2,2,2,0,0,92,0,0,0,74,0,2,3319,2,2,11,1542
2014/10/7,71449,22,4,41,1401,13,6,0,1,0,0,0,0,0,0,0,0,0,0,3,0,0,0,2,0,0,0,0,0,0,1543
2014/10/7,32754,22,4,641,1291,169,61,2,0,1,391,2,1,161,1,2,1,0,0,22,0,0,0,19,0,1,161,2,1,2,1544
2014/10/7,92542,14,7,422,56,36,20,0,1,0,0,0,0,0,0,0,0,0,0,4,0,0,0,4,0,0,0,0,0,0,1545
2014/10/7,31344,33,10,733,426,116,58,2,4,6,25791,6,3,5477,2,2,2,0,0,15,0,0,0,13,0,2,5477,2,2,2,1546
2014/10/7,125581,7,12,420,1798,1214,665,17,8,4,24668,4,4,7598,2,2,2,0,0,171,0,0,0,155,0,2,7598,2,2,14,1547
2014/10/7,102811,18,12,412,174,2,1,0,0,0,0,0,0,0,0,0,0,0,0,0,0,0,0,0,0,0,0,0,0,0,1548
2014/10/7,58630,17,12,629,245,7,3,1,0,0,0,0,0,0,0,0,0,0,0,0,0,0,0,0,0,0,0,0,0,1,1549
2014/10/7,110680,13,1,556,607,221,120,3,4,0,0,0,0,0,0,0,0,0,0,8,0,0,0,6,0,0,0,0,0,3,1550
2014/10/7,23799,30,11,155,568,69,25,0,0,0,3431,0,0,2001,0,0,0,0,0,3,0,0,0,2,0,0,2001,0,0,0,1551
2014/10/7,142104,32,11,422,389,125,78,1,12,20,113694,29,18,21242,16,16,16,0,0,49,0,0,0,44,0,16,21242,16,16,1,1552
2014/10/7,36046,4,11,510,1809,222,142,0,4,0,0,0,0,0,0,0,0,0,0,86,0,0,0,70,0,0,0,0,0,0,1553
2014/10/7,58552,13,1,202,1895,6455,2593,210,79,205,423969,214,154,191273,130,132,123,1,1,932,0,1,1,639,0,130,191273,132,123,163,1554
2014/10/7,67435,32,11,629,450,48,29,1,0,2,5024,2,1,0,0,0,0,0,0,1,0,0,0,1,0,0,0,0,0,1,1555
2014/10/7,72136,21,11,510,1953,175,105,9,3,11,15871,13,9,8430,6,7,6,0,1,11,0,0,1,10,0,6,8430,7,6,6,1556
2014/10/7,119563,37,11,74,1184,33,16,0,0,0,0,0,0,0,0,0,0,0,0,3,0,0,0,3,0,0,0,0,0,0,1557
2014/10/7,158171,32,11,629,1052,18,12,2,0,0,0,0,0,0,0,0,0,0,0,3,0,0,0,3,0,0,0,0,0,1,1558
2014/10/7,15200,35,13,569,71,188,67,3,2,5,6220,5,2,4576,4,4,1,0,0,32,0,0,0,20,0,4,4576,4,1,3,1559
2014/10/7,74794,25,12,412,1498,9,4,0,0,0,0,0,0,0,0,0,0,0,0,0,0,0,0,0,0,0,0,0,0,0,1560
2014/10/7,142842,37,11,480,340,52,28,1,0,3,1099,3,3,543,2,2,2,0,0,1,0,0,0,1,0,2,543,2,2,1,1561
2014/10/7,17946,18,12,112,24,64,28,0,3,0,0,0,0,0,0,0,0,0,0,7,0,0,0,4,0,0,0,0,0,0,1562
2014/10/7,31275,13,1,172,1635,134,88,13,1,4,4627,4,2,1653,2,2,2,0,0,1,0,0,0,1,0,2,1653,2,2,8,1563
2014/10/7,161685,35,13,119,1435,38,26,2,1,0,0,0,0,0,0,0,0,0,0,2,0,0,0,2,0,0,0,0,0,2,1564
2014/10/7,161205,39,12,406,1335,10,5,1,0,0,0,0,0,0,0,0,0,0,0,3,0,0,0,1,0,0,0,0,0,1,1565
2014/10/7,161850,39,12,420,1798,303,209,1,0,1,6634,1,0,2677,0,0,0,1,0,22,0,1,0,19,0,0,2677,0,0,1,1566
2014/10/7,123928,21,11,510,676,155,94,7,2,0,4759,0,0,3186,0,0,0,0,0,3,0,0,0,3,0,0,3186,0,0,6,1567
2014/10/7,57886,4,11,510,676,411,227,10,6,6,3646,6,6,2490,4,4,4,0,0,59,0,0,0,48,0,4,2490,4,4,9,1568
2014/10/7,36223,39,12,219,1688,57,31,2,0,0,0,0,0,0,0,0,0,0,0,10,0,0,0,8,0,0,0,0,0,2,1569
2014/10/7,41655,26,8,422,1368,640,277,8,4,9,7904,9,9,5972,9,9,9,0,0,181,0,0,0,116,0,9,5972,9,9,8,1570
2014/10/7,82606,18,12,326,625,29,19,1,0,0,1502,0,0,346,0,0,0,0,0,0,0,0,0,0,0,0,346,0,0,1,1571
2014/10/7,143196,19,4,420,1798,11,8,0,0,0,3067,9,0,273,0,0,0,0,0,1,0,0,0,1,0,0,273,0,0,0,1572
2014/10/7,125935,7,12,420,1798,282,180,3,2,0,0,0,0,0,0,0,0,0,0,38,0,0,0,36,0,0,0,0,0,2,1573
2014/10/7,65271,18,12,422,1680,63,41,0,5,7,10628,7,7,4311,7,7,7,0,0,16,0,0,0,14,0,7,4311,7,7,0,1574
2014/10/7,23160,39,12,153,890,15,10,0,0,0,0,0,0,0,0,0,0,0,0,0,0,0,0,0,0,0,0,0,0,0,1575
2014/10/7,105436,32,11,422,1669,96,45,2,0,0,0,0,0,0,0,0,0,0,0,1,0,0,0,1,0,0,0,0,0,2,1576
2014/10/7,35299,4,11,422,2110,4468,2109,15,83,8,8253,8,6,4984,8,9,8,0,1,1266,0,0,0,1020,0,8,4984,9,8,14,1577
2014/10/7,54388,39,12,168,397,1590,915,17,33,13,16936,13,12,7444,12,12,12,0,0,209,0,0,0,181,0,12,7444,12,12,15,1578
2014/10/7,127693,37,11,480,673,2,0,2,0,0,220,0,0,146,0,0,0,0,0,1,0,0,0,0,0,0,146,0,0,0,1579
2014/10/7,107446,20,5,400,255,974,594,6,7,2,9315,2,2,3810,1,1,1,0,0,85,0,0,0,69,0,1,3810,1,1,5,1580
2014/10/7,151739,26,8,422,1368,1823,860,37,24,21,18203,21,17,10387,13,14,13,0,0,275,0,0,0,191,0,13,10387,14,13,25,1581
2014/10/7,64768,39,12,666,431,283,177,4,0,0,0,0,0,0,0,0,0,0,3,26,0,0,1,23,0,0,0,0,0,2,1582
2014/10/7,81034,21,11,629,1537,1,1,0,0,0,0,0,0,0,0,0,0,0,0,1,0,0,0,1,0,0,0,0,0,0,1583
2014/10/7,32869,32,11,287,1944,2,2,0,0,0,0,0,0,0,0,0,0,0,0,0,0,0,0,0,0,0,0,0,0,0,1584
2014/10/7,37645,32,11,422,1669,1983,796,60,37,62,192975,65,49,52977,47,49,45,0,0,247,0,0,0,200,0,47,52977,49,45,48,1585
2014/10/7,55159,20,5,84,1387,255,148,7,5,3,43277,3,1,9332,1,1,1,0,0,45,0,0,0,32,0,1,9332,1,1,4,1586
2014/10/7,32782,4,11,384,1623,116,85,0,6,6,2698,6,6,2698,6,6,6,0,0,28,0,0,0,26,0,6,2698,6,6,0,1587
2014/10/7,42093,32,11,234,229,758,379,7,5,7,54008,7,7,21809,6,6,6,0,0,136,0,0,0,117,0,6,21809,6,6,6,1588
2014/10/7,94666,21,11,155,568,116,59,0,2,0,0,0,0,0,0,0,0,0,0,11,0,0,0,11,0,0,0,0,0,0,1589
2014/10/7,96025,17,12,510,676,36,18,0,0,0,0,0,0,0,0,0,0,0,0,1,0,0,0,1,0,0,0,0,0,0,1590
2014/10/7,9089,11,12,618,449,10,4,0,1,0,0,0,0,0,0,0,0,0,0,1,0,0,0,1,0,0,0,0,0,0,1591
2014/10/7,130397,39,12,422,661,373,217,4,26,17,28168,17,17,7027,17,17,17,0,0,134,0,0,0,102,0,17,7027,17,17,3,1592
2014/10/7,138840,18,12,305,679,263,131,16,4,4,18369,4,4,4328,1,1,1,0,0,17,0,0,0,13,0,1,4328,1,1,5,1593
2014/10/7,105613,32,11,422,1680,6,5,0,0,0,0,0,0,0,0,0,0,0,0,1,0,0,0,1,0,0,0,0,0,0,1594
2014/10/7,160626,37,11,298,996,32,28,0,0,0,0,0,0,0,0,0,0,0,0,3,0,0,0,3,0,0,0,0,0,0,1595
2014/10/7,144954,32,11,234,229,12,6,0,0,0,0,0,0,0,0,0,0,0,0,0,0,0,0,0,0,0,0,0,0,0,1596
2014/10/7,90904,33,10,473,18,36,8,0,0,0,0,0,0,0,0,0,0,0,0,3,0,0,0,3,0,0,0,0,0,0,1597
2014/10/7,26115,37,11,628,555,3,2,0,0,0,0,0,0,0,0,0,0,0,0,1,0,0,0,1,0,0,0,0,0,0,1598
2014/10/7,33388,21,11,594,2052,2,2,0,0,0,0,0,0,0,0,0,0,0,0,0,0,0,0,0,0,0,0,0,0,0,1599
2014/10/7,132570,32,11,133,1970,2156,121,3,3,4,13600,5,4,9009,4,5,4,0,0,16,0,0,0,13,0,4,9009,5,4,3,1600
2014/10/7,9425,26,8,193,1479,210,145,3,0,0,697,0,0,297,0,0,0,0,0,51,0,0,0,44,0,0,297,0,0,3,1601
2014/10/7,147390,37,11,480,1857,154,134,2,4,1,612,1,1,306,1,1,1,0,0,3,0,0,0,3,0,1,306,1,1,2,1602
2014/10/7,31299,17,12,666,431,1236,716,18,15,3,29213,3,3,13972,2,2,2,2,0,49,0,0,0,46,0,2,13972,2,2,13,1603
2014/10/7,146967,17,12,420,1798,2727,1404,66,26,43,288579,43,31,105530,24,24,23,0,0,145,0,0,0,115,0,24,105530,24,23,52,1604
2014/10/7,142782,39,12,629,11,320,148,2,4,4,7191,4,4,3060,3,3,3,0,0,49,0,0,0,44,0,3,3060,3,3,2,1605
2014/10/7,27195,4,11,629,190,98,56,0,0,3,2627,3,2,610,2,2,2,0,0,19,0,0,0,15,0,2,610,2,2,0,1606
2014/10/7,6572,25,12,412,174,252,133,6,4,3,37650,3,2,15746,2,2,2,0,0,32,0,0,0,28,0,2,15746,2,2,6,1607
2014/10/7,71005,20,5,178,385,178,100,1,7,2,13635,2,2,6603,2,2,2,0,0,15,0,0,0,13,0,2,6603,2,2,1,1608
2014/10/7,68795,32,11,629,974,704,354,24,11,7,51965,8,7,18352,6,7,6,0,0,131,0,0,0,115,0,6,18352,7,6,17,1609
2014/10/7,50470,37,11,74,1184,39,16,0,0,0,0,0,0,0,0,0,0,0,0,2,0,0,0,2,0,0,0,0,0,0,1610
2014/10/7,66220,32,11,203,803,54,46,1,0,0,5671,0,0,3256,0,0,0,0,0,2,0,0,0,1,0,0,3256,0,0,1,1611
2014/10/7,52564,32,11,219,2062,1275,570,38,14,26,128663,27,14,18374,11,11,10,0,0,108,0,0,0,84,0,11,18374,11,10,23,1612
2014/10/7,22108,21,11,510,676,1132,608,26,20,15,19700,15,13,15600,13,13,13,1,0,224,0,1,0,167,0,13,15600,13,13,23,1613
2014/10/7,62127,13,1,136,443,324,225,23,2,9,43736,9,5,18516,5,5,4,0,0,130,0,0,0,114,0,5,18516,5,4,7,1614
2014/10/7,20499,39,12,422,237,1,1,0,0,0,0,0,0,0,0,0,0,0,0,0,0,0,0,0,0,0,0,0,0,0,1615
2014/10/7,119596,37,11,74,1184,150,59,0,6,0,304,0,0,175,0,0,0,0,0,4,0,0,0,3,0,0,175,0,0,0,1616
2014/10/7,80701,7,12,203,279,3,3,0,0,0,0,0,0,0,0,0,0,0,0,0,0,0,0,0,0,0,0,0,0,0,1617
2014/10/7,62940,7,12,390,2063,260,148,0,2,3,7921,3,2,2774,2,2,2,0,0,62,0,0,0,52,0,2,2774,2,2,0,1618
2014/10/7,65713,26,8,193,1479,878,533,28,14,24,17231,24,21,6418,21,21,21,0,0,258,0,0,0,227,0,21,6418,21,21,22,1619
2014/10/7,106057,14,7,665,1280,4,2,0,0,0,0,0,0,4749,1,1,1,0,0,0,0,0,0,0,0,1,4749,1,1,0,1620
2014/10/7,151025,39,12,629,245,32,20,0,1,0,0,0,0,0,0,0,0,0,0,0,0,0,0,0,0,0,0,0,0,0,1621
2014/10/7,152439,39,12,406,1335,0,0,0,0,0,0,0,0,0,0,0,0,0,0,0,0,0,0,0,0,0,0,0,0,0,1622
2014/10/7,99376,21,11,422,240,311,196,10,6,4,7155,4,4,3505,4,4,4,0,1,48,0,0,0,38,0,4,3505,4,4,8,1623
2014/10/7,134676,33,10,320,234,13,9,0,0,0,4616,0,0,2120,0,0,0,0,0,0,0,0,0,0,0,0,2120,0,0,0,1624
2014/10/7,61285,7,12,422,1890,277,167,1,4,1,820,1,1,615,1,1,1,0,0,89,0,0,0,68,0,1,615,1,1,1,1625
2014/10/7,161238,21,11,581,1989,1118,702,31,10,11,32417,11,10,21224,8,8,8,0,0,201,0,0,0,160,0,8,21224,8,8,25,1626
2014/10/7,197,21,11,422,2023,65,35,0,1,0,2261,0,0,2956,1,2,1,0,0,2,0,0,0,2,0,1,2956,2,1,0,1627
2014/10/7,101615,26,8,564,1028,192,132,1,0,0,0,0,0,0,0,0,0,0,0,19,0,0,0,18,0,0,0,0,0,1,1628
2014/10/7,51412,39,12,692,1979,45,14,1,0,2,1511,2,2,723,2,2,2,0,0,10,0,0,0,8,0,2,723,2,2,1,1629
2014/10/7,149832,39,12,168,1745,154,103,0,4,1,1610,1,1,603,1,1,1,0,0,43,0,0,0,36,0,1,603,1,1,0,1630
2014/10/7,81229,39,12,601,810,5,4,0,0,0,0,0,0,0,0,0,0,0,0,0,0,0,0,0,0,0,0,0,0,0,1631
2014/10/7,68077,26,8,510,676,1285,756,39,18,25,33478,25,22,23160,18,18,18,0,0,253,0,0,0,179,0,18,23160,18,18,28,1632
2014/10/7,166581,32,11,225,1286,192,86,1,0,3,28525,3,2,16317,2,2,2,0,0,8,0,0,0,7,0,2,16317,2,2,1,1633
2014/10/7,162006,17,12,203,840,325,204,0,0,0,10525,1,0,0,0,0,0,0,0,3,95,0,0,1,86,0,0,0,0,0,1634
2014/10/7,35911,21,11,355,1195,45,31,0,0,0,827,0,0,770,0,0,0,0,0,3,0,0,0,3,0,0,770,0,0,0,1635
2014/10/7,119041,39,12,629,245,31,20,0,1,0,0,0,0,0,0,0,0,0,0,0,0,0,0,0,0,0,0,0,0,0,1636
2014/10/7,25455,37,11,485,1963,90,45,0,0,0,0,0,0,0,0,0,0,0,0,6,0,0,0,5,0,0,0,0,0,0,1637
2014/10/7,111017,39,12,406,1335,66,31,2,1,1,560,1,1,529,1,1,1,0,0,11,0,0,0,11,0,1,529,1,1,2,1638
2014/10/7,83405,18,12,380,48,3094,1199,20,65,17,31818,17,17,15520,19,19,19,0,0,486,0,0,0,372,0,19,15520,19,19,17,1639
2014/10/7,117850,14,7,510,1218,17,7,0,0,1,2985,1,1,2775,1,1,1,0,0,2,0,0,0,2,0,1,2775,1,1,0,1640
2014/10/7,11068,39,12,422,51,304,188,5,6,1,609,1,1,283,1,1,1,0,0,87,0,0,0,76,0,1,283,1,1,5,1641
2014/10/7,27462,7,12,420,1798,246,173,1,2,0,0,0,0,0,0,0,0,0,0,30,0,0,0,24,0,0,0,0,0,1,1642
2014/10/7,61294,21,11,349,265,23,16,0,0,0,0,0,0,0,0,0,0,0,0,4,0,0,0,3,0,0,0,0,0,0,1643
2014/10/7,99802,37,11,480,1595,95,40,2,0,1,612,1,1,365,1,1,1,0,0,4,0,0,0,3,0,1,365,1,1,2,1644
2014/10/7,132849,13,1,542,1684,640,373,18,11,9,23090,9,5,15556,6,6,5,0,0,105,0,0,0,83,0,6,15556,6,5,15,1645
2014/10/7,165345,26,8,193,1479,642,334,11,19,7,28818,7,7,6476,7,7,7,0,0,95,0,0,0,80,0,7,6476,7,7,9,1646
2014/10/7,113929,22,4,41,662,44,19,0,0,0,93,0,0,93,0,0,0,0,0,6,0,0,0,4,0,0,93,0,0,0,1647
2014/10/7,102955,21,11,507,1781,79,52,0,0,0,0,0,0,0,0,0,0,0,0,16,0,0,0,11,0,0,0,0,0,0,1648
2014/10/7,162744,21,11,422,240,67,32,0,3,2,5004,2,2,2320,2,2,2,0,0,1,0,0,0,1,0,2,2320,2,2,0,1649
2014/10/7,96223,32,11,225,1706,5525,3572,14,59,17,70380,17,12,30032,9,9,9,0,0,156,893,0,0,105,829,0,2849,0,0,13,1650
2014/10/7,85339,39,12,406,1335,19,13,0,0,0,272,0,0,253,0,0,0,0,0,2,0,0,0,1,0,0,253,0,0,0,1651
2014/10/7,117691,32,11,203,840,3967,2824,24,17,14,41563,14,12,21359,9,9,9,0,0,167,108,0,0,122,97,6,13319,6,6,18,1652
2014/10/7,115207,7,12,62,211,984,731,3,4,9,23095,9,5,7402,5,5,5,0,0,38,0,0,0,30,0,5,7402,5,5,3,1653
2014/10/7,149598,21,11,422,240,46,29,0,1,0,6278,0,0,1521,0,0,0,0,0,1,0,0,0,1,0,0,1521,0,0,0,1654
2014/10/7,12485,39,12,510,676,380,198,6,0,1,1343,1,1,1343,1,1,1,0,0,93,0,0,0,67,0,1,1343,1,1,3,1655
2014/10/7,15257,30,11,298,996,19,16,1,0,0,0,0,0,0,0,0,0,0,0,2,0,0,0,2,0,0,0,0,0,1,1656
2014/10/7,151776,26,8,422,1368,13274,5162,368,239,301,365261,314,247,185307,223,231,213,0,3,2526,0,0,2,1598,0,223,185307,231,213,303,1657
2014/10/7,89185,39,12,422,1680,2262,1249,42,73,63,102947,63,60,35306,58,58,58,0,0,661,0,0,0,542,0,58,35306,58,58,36,1658
2014/10/7,125899,7,12,439,578,342,264,6,23,24,66635,24,23,21933,22,22,22,0,0,93,0,0,0,77,0,22,21933,22,22,6,1659
2014/10/7,15170,39,12,422,58,799,429,1,7,0,396,0,0,267,0,0,0,0,0,146,0,0,0,120,0,0,267,0,0,1,1660
2014/10/7,53350,32,11,219,2062,4478,2005,72,43,62,218604,64,55,63993,48,50,47,0,1,770,0,0,1,603,0,48,63993,50,47,59,1661
2014/10/7,105562,17,12,619,945,18,6,0,0,1,1006,1,1,679,1,1,1,0,0,0,0,0,0,0,0,1,679,1,1,0,1662
2014/10/7,31491,39,12,219,2062,165,116,3,2,3,5503,3,3,1408,2,2,2,0,0,59,0,0,0,45,0,2,1408,2,2,3,1663
2014/10/7,144420,13,1,507,676,649,388,42,8,19,27612,19,18,14614,10,10,10,0,0,39,0,0,0,32,0,10,14614,10,10,31,1664
2014/10/7,75949,33,10,81,1832,22,13,0,0,0,0,0,0,0,0,0,0,0,0,4,0,0,0,3,0,0,0,0,0,0,1665
2014/10/7,124906,17,12,420,1798,16,12,0,0,0,0,0,0,0,0,0,0,0,0,0,0,0,0,0,0,0,0,0,0,0,1666
2014/10/7,3435,35,13,3,1115,2111,1090,25,21,4,8509,4,4,7034,3,3,3,1,1,302,0,0,1,181,0,3,7034,3,3,22,1667
2014/10/7,12659,21,11,629,190,65,39,0,2,0,0,0,0,0,0,0,0,0,0,4,0,0,0,4,0,0,0,0,0,0,1668
2014/10/7,136956,18,12,422,796,104,74,2,2,0,1581,0,0,0,0,0,0,0,0,6,0,0,0,6,0,0,0,0,0,2,1669
2014/10/7,59548,21,11,87,941,4,4,0,0,0,0,0,0,0,0,0,0,0,0,2,0,0,0,2,0,0,0,0,0,0,1670
2014/10/7,32340,32,11,133,543,39,21,0,0,0,0,0,0,0,0,0,0,1,0,20,0,1,0,8,0,0,0,0,0,0,1671
2014/10/7,81244,39,12,420,1798,329,228,8,1,1,3690,1,1,2978,1,1,1,1,0,26,0,1,0,23,0,1,2978,1,1,8,1672
2014/10/7,70270,11,12,127,1199,147,74,0,2,0,0,0,0,0,0,0,0,0,0,30,0,0,0,21,0,0,0,0,0,0,1673
2014/10/7,154800,32,11,422,1653,7,6,0,0,0,0,0,0,0,0,0,0,0,0,3,0,0,0,3,0,0,0,0,0,0,1674
2014/10/7,18030,13,1,510,1401,187,124,5,0,2,3930,2,2,1717,1,1,1,0,0,29,0,0,0,27,0,1,1717,1,1,5,1675
2014/10/7,161340,13,1,498,573,367,181,9,7,1,2346,1,1,1955,1,1,1,0,0,58,0,0,0,49,0,1,1955,1,1,8,1676
2014/10/7,61390,17,12,422,1890,146,83,0,3,0,0,0,0,0,0,0,0,0,0,31,0,0,0,22,0,0,0,0,0,0,1677
2014/10/7,92137,17,12,234,1174,37,26,0,0,0,0,0,0,0,0,0,0,0,0,3,0,0,0,3,0,0,0,0,0,0,1678
2014/10/7,99904,7,12,422,237,44,5,0,0,2,3363,2,1,550,1,1,1,0,0,1,0,0,0,1,0,1,550,1,1,0,1679
2014/10/7,44815,17,12,203,803,0,0,0,0,0,0,0,0,0,0,0,0,0,0,0,0,0,0,0,0,0,0,0,0,0,1680
2014/10/7,142422,35,13,497,1365,608,331,7,2,1,14431,1,1,14431,1,1,1,0,0,129,0,0,0,106,0,1,14431,1,1,5,1681
2014/10/7,70444,7,12,203,1976,9,4,0,0,0,0,0,0,0,0,0,0,0,0,0,0,0,0,0,0,0,0,0,0,0,1682
2014/10/7,95722,13,1,412,31,550,344,2,6,3,11776,3,1,0,0,0,0,0,0,105,0,0,0,84,0,0,0,0,0,2,1683
2014/10/7,89362,37,11,480,1595,101,37,2,1,1,306,1,1,167,1,1,1,0,0,5,0,0,0,4,0,1,167,1,1,2,1684
2014/10/7,727,21,11,581,1989,2172,1144,38,19,24,60289,24,14,28854,13,13,12,0,0,322,0,0,0,271,0,13,28854,13,12,33,1685
2014/10/7,75871,39,12,684,9,77,51,2,1,0,0,0,0,0,0,0,0,0,0,9,0,0,0,7,0,0,0,0,0,2,1686
2014/10/7,124666,4,11,87,941,24,13,2,0,0,0,0,0,0,0,0,0,0,0,8,0,0,0,6,0,0,0,0,0,2,1687
2014/10/7,149943,22,4,41,662,47,21,0,0,0,0,0,0,0,0,0,0,0,0,8,0,0,0,6,0,0,0,0,0,0,1688
2014/10/7,140250,18,12,40,430,15,8,0,0,0,0,0,0,0,0,0,0,0,0,4,0,0,0,3,0,0,0,0,0,0,1689
2014/10/7,32439,32,11,287,1189,9,9,0,0,0,0,0,0,0,0,0,0,0,0,5,0,0,0,5,0,0,0,0,0,0,1690
2014/10/7,99577,21,11,87,1972,95,56,0,0,0,0,0,0,0,0,0,0,0,0,19,0,0,0,13,0,0,0,0,0,0,1691
2014/10/7,88120,39,12,594,2052,11,11,1,0,0,0,0,0,0,0,0,0,0,0,5,0,0,0,5,0,0,0,0,0,1,1692
2014/10/7,132051,26,8,198,603,418,246,4,4,2,3036,2,1,1403,1,1,1,0,0,76,0,0,0,63,0,1,1403,1,1,4,1693
2014/10/7,84923,13,1,510,676,6883,3269,103,128,49,56222,49,42,31947,34,34,34,0,0,997,0,0,0,659,0,34,31947,34,34,85,1694
2014/10/7,65836,22,4,3,569,1,1,0,0,0,0,0,0,0,0,0,0,0,0,1,0,0,0,1,0,0,0,0,0,0,1695
2014/10/7,124837,37,11,480,728,76,42,1,3,0,0,0,0,0,0,0,0,0,0,16,0,0,0,12,0,0,0,0,0,1,1696
2014/10/7,4044,17,12,203,840,255,168,5,1,2,16533,2,1,11747,1,1,1,0,0,22,0,0,0,20,0,1,11747,1,1,4,1697
2014/10/7,154815,17,12,380,48,26,14,1,0,0,0,0,0,0,0,0,0,0,0,1,0,0,0,1,0,0,0,0,0,1,1698
2014/10/7,7716,7,12,619,945,191,111,5,1,1,657,1,1,519,1,1,1,0,0,40,0,0,0,36,0,1,519,1,1,5,1699
2014/10/7,41158,35,13,84,2060,104,72,2,2,1,1453,1,1,1374,1,1,1,0,0,25,0,0,0,22,0,1,1374,1,1,2,1700
2014/10/7,110617,20,5,400,1982,13,7,0,0,0,0,0,0,0,0,0,0,0,0,4,0,0,0,4,0,0,0,0,0,0,1701
2014/10/7,144273,39,12,390,2063,20,11,1,0,2,6921,2,1,1780,1,1,1,0,0,3,0,0,0,2,0,1,1780,1,1,1,1702
2014/10/7,15191,13,1,422,219,1822,838,25,19,24,57544,28,18,29329,15,20,13,0,0,242,0,0,0,163,0,15,29329,20,13,23,1703
2014/10/7,167715,13,1,35,1808,950,429,30,11,15,34724,16,12,13477,9,9,9,0,0,116,0,0,0,88,0,9,13477,9,9,23,1704
2014/10/7,82840,13,1,234,762,203,106,7,7,0,0,0,0,0,0,0,0,0,0,5,0,0,0,5,0,0,0,0,0,7,1705
2014/10/7,65593,13,1,35,1808,481,297,20,11,6,7920,6,1,5216,4,4,1,0,0,68,0,0,0,56,0,4,5216,4,1,14,1706
2014/10/7,124111,25,12,412,174,2064,1024,50,31,4,38660,4,4,12765,3,3,3,0,0,320,0,0,0,268,0,3,12765,3,3,31,1707
2014/10/7,14207,39,12,422,58,823,442,26,9,14,5804,14,13,3999,14,14,14,0,0,150,0,0,0,125,0,14,3999,14,14,24,1708
2014/10/7,77161,26,8,68,1290,180,89,3,3,3,6445,3,2,2179,1,1,1,0,0,16,0,0,0,16,0,1,2179,1,1,3,1709
2014/10/7,82846,22,4,41,662,7,2,0,0,0,0,0,0,0,0,0,0,0,0,0,0,0,0,0,0,0,0,0,0,0,1710
2014/10/7,140181,32,11,422,1450,289,150,15,31,32,45166,32,31,23364,31,31,31,0,0,80,0,0,0,67,0,31,23364,31,31,6,1711
2014/10/7,21399,32,11,422,1669,116,46,7,0,4,17868,5,4,3745,3,3,3,0,0,8,0,0,0,5,0,3,3745,3,3,7,1712
2014/10/7,37060,39,12,422,1680,2187,1207,24,69,28,49752,28,28,17247,26,26,26,0,0,639,0,0,0,523,0,26,17247,26,26,22,1713
2014/10/7,61102,39,12,203,279,80,49,1,0,0,2128,0,0,676,0,0,0,0,0,29,0,0,0,24,0,0,676,0,0,1,1714
2014/10/7,43429,37,11,74,1184,38,15,0,0,0,0,0,0,0,0,0,0,0,0,2,0,0,0,2,0,0,0,0,0,0,1715
2014/10/7,23571,21,11,305,123,1,1,0,0,0,0,0,0,0,0,0,0,0,0,0,0,0,0,0,0,0,0,0,0,0,1716
2014/10/7,149961,37,11,480,1548,3994,2166,16,189,34,22352,36,29,8208,28,30,28,0,0,1595,0,0,0,1257,0,28,8208,30,28,15,1717
2014/10/7,81520,37,11,480,728,70,38,1,1,0,148,0,0,148,0,0,0,0,0,12,0,0,0,8,0,0,148,0,0,0,1718
2014/10/7,142614,32,11,133,1970,6427,6036,8,436,0,0,0,0,0,0,0,0,0,0,4,0,0,0,3,0,0,0,0,0,8,1719
2014/10/7,13282,18,12,380,48,3139,1211,7,68,8,14298,8,8,6646,9,9,9,0,0,496,0,0,0,377,0,9,6646,9,9,7,1720
2014/10/7,141207,17,12,203,840,1314,642,25,5,15,65894,15,10,33973,7,7,7,0,0,183,0,0,0,152,0,7,33973,7,7,22,1721
2014/10/7,145050,13,1,404,1921,225,156,3,2,1,3008,1,1,1399,1,1,1,0,0,35,0,0,0,29,0,1,1399,1,1,1,1722
2014/10/7,114811,39,12,168,823,14,10,0,0,0,0,0,0,0,0,0,0,0,0,1,0,0,0,1,0,0,0,0,0,0,1723
2014/10/7,79996,13,1,510,676,670,454,15,11,1,7016,1,1,7016,1,1,1,0,1,146,0,0,1,127,0,1,7016,1,1,6,1724
2014/10/7,113881,21,11,735,599,11,1,0,0,0,0,0,0,0,0,0,0,0,0,0,0,0,0,0,0,0,0,0,0,0,1725
2014/10/7,25839,37,11,480,1206,28,20,2,1,1,715,1,1,454,1,1,1,0,0,1,0,0,0,1,0,1,454,1,1,2,1726
2014/10/7,9827,32,11,422,1646,16,15,0,0,0,0,0,0,0,0,0,0,0,0,1,0,0,0,1,0,0,0,0,0,0,1727
2014/10/7,105932,39,12,203,840,625,405,4,2,4,11858,4,4,5715,2,2,2,0,0,77,0,0,0,68,0,2,5715,2,2,3,1728
2014/10/7,54886,18,12,305,1276,22,11,0,0,0,0,0,0,0,0,0,0,0,0,1,0,0,0,1,0,0,0,0,0,0,1729
2014/10/7,86953,17,12,420,1798,107,65,0,0,0,0,0,0,0,0,0,0,0,0,3,0,0,0,3,0,0,0,0,0,0,1730
2014/10/7,39412,7,12,203,840,62,48,0,0,1,4342,1,1,3412,1,1,1,0,0,4,0,0,0,4,0,1,3412,1,1,0,1731
2014/10/7,161378,13,1,498,573,4242,2066,56,53,37,101060,37,29,36828,30,30,26,0,1,455,0,0,0,334,0,30,36828,30,26,49,1732
2014/10/7,21570,39,12,682,1862,27,8,1,1,1,1611,1,1,785,1,1,1,0,0,0,0,0,0,0,0,1,785,1,1,1,1733
2014/10/7,81196,30,11,143,600,5,3,0,0,0,0,0,0,0,0,0,0,0,0,0,0,0,0,0,0,0,0,0,0,0,1734
2014/10/7,133659,17,12,422,51,18,9,0,0,0,0,0,0,0,0,0,0,0,0,2,0,0,0,1,0,0,0,0,0,0,1735
2014/10/7,130408,22,4,574,690,41,20,3,0,2,822,4,1,275,1,2,1,0,0,4,0,0,0,4,0,1,275,2,1,1,1736
2014/10/7,32715,16,4,443,1269,0,0,0,0,0,0,0,0,0,0,0,0,0,0,0,0,0,0,0,0,0,0,0,0,0,1737
2014/10/7,60604,30,11,298,996,25,21,0,0,0,0,0,0,0,0,0,0,0,0,5,0,0,0,4,0,0,0,0,0,0,1738
2014/10/7,70810,37,11,485,1963,87,43,0,0,1,316,1,1,156,1,1,1,0,0,5,0,0,0,4,0,1,156,1,1,0,1739
2014/10/7,100267,39,12,149,543,333,188,19,9,5,3122,5,5,1346,5,5,5,0,0,78,0,0,0,66,0,5,1346,5,5,16,1740
2014/10/7,148569,39,12,234,229,323,195,5,3,2,6089,2,2,3044,2,2,2,0,0,64,0,0,0,54,0,2,3044,2,2,3,1741
2014/10/7,103855,37,11,480,1278,98,65,0,0,0,0,0,0,0,0,0,0,0,0,32,0,0,0,31,0,0,0,0,0,0,1742
2014/10/7,123628,37,11,485,1963,1322,636,8,46,10,4956,12,9,1775,7,8,7,0,0,332,0,0,0,277,0,7,1775,8,7,6,1743
2014/10/7,166167,26,8,667,1401,9,7,0,0,0,0,0,0,0,0,0,0,0,0,2,0,0,0,2,0,0,0,0,0,0,1744
2014/10/7,161556,39,12,203,279,260,145,0,3,0,0,0,0,0,0,0,0,0,0,70,0,0,0,61,0,0,0,0,0,0,1745
2014/10/7,59590,13,1,505,2043,126,59,1,1,0,0,0,0,0,0,0,0,0,0,22,0,0,0,16,0,0,0,0,0,1,1746
2014/10/7,105865,37,11,480,146,43,14,0,0,1,480,2,1,303,1,2,1,0,0,0,0,0,0,0,0,1,303,2,1,0,1747
2014/10/7,50887,26,8,185,1054,2218,1285,68,49,73,127164,73,56,44798,50,50,48,4,0,73,0,2,0,58,0,50,44798,50,48,48,1748
2014/10/7,59596,32,11,219,2062,260,186,0,1,0,0,0,0,0,0,0,0,0,0,27,0,0,0,22,0,0,0,0,0,0,1749
2014/10/7,24528,39,12,422,1890,569,360,20,10,7,6328,7,6,3610,5,5,5,0,0,177,0,0,0,134,0,5,3610,5,5,13,1750
2014/10/7,106714,32,11,422,1993,123,79,1,1,1,2764,1,1,0,0,0,0,0,0,22,0,0,0,19,0,0,0,0,0,1,1751
2014/10/7,3654,9,4,510,6,9,3,0,0,0,0,0,0,0,0,0,0,0,0,0,0,0,0,0,0,0,0,0,0,0,1752
2014/10/7,38581,33,10,320,234,8,4,0,0,0,0,0,0,0,0,0,0,0,0,0,0,0,0,0,0,0,0,0,0,0,1753
2014/10/7,168348,18,12,422,1890,395,231,6,4,2,8774,2,1,2543,0,0,0,0,0,82,0,0,0,73,0,0,2543,0,0,5,1754
2014/10/7,16241,21,11,305,679,161,73,2,1,3,2114,3,3,1196,3,3,3,0,0,19,0,0,0,12,0,3,1196,3,3,2,1755
2014/10/7,62623,39,12,422,1680,86,51,2,17,0,0,0,0,0,0,0,0,0,0,2,0,0,0,2,0,0,0,0,0,2,1756
2014/10/8,51007,33,10,691,1616,4,2,0,0,0,0,0,0,0,0,0,0,0,0,1,0,0,0,0,0,0,0,0,0,0,1757
2014/10/8,92188,39,12,203,1561,123,61,1,1,2,7769,2,2,3088,2,2,2,0,0,7,0,0,0,5,0,2,3088,2,2,1,1758
2014/10/8,96283,32,11,629,190,4,3,0,0,0,0,0,0,0,0,0,0,0,0,0,0,0,0,0,0,0,0,0,0,0,1759
2014/10/8,135033,4,11,511,1283,44,19,0,0,1,1412,1,1,599,1,1,1,0,0,6,0,0,0,4,0,1,599,1,1,0,1760
2014/10/8,110906,18,12,422,51,941,503,30,10,25,98125,25,19,19991,17,17,17,0,0,290,0,0,0,253,0,17,19991,17,17,28,1761
2014/10/8,55750,39,12,203,1561,14,9,0,0,0,0,0,0,0,0,0,0,0,0,1,0,0,0,1,0,0,0,0,0,0,1762
2014/10/8,64381,21,11,601,810,147,91,3,0,1,1737,1,1,506,1,1,1,0,0,35,0,0,0,33,0,1,506,1,1,3,1763
2014/10/8,39436,32,11,234,306,27,18,2,0,2,5168,2,2,4953,2,2,2,0,0,2,0,0,0,1,0,2,4953,2,2,2,1764
2014/10/8,70012,17,12,231,492,152,117,3,1,1,5025,1,1,2040,1,1,1,0,0,12,0,0,0,8,0,1,2040,1,1,2,1765
2014/10/8,85567,4,11,82,268,10,6,0,0,1,703,1,1,632,1,1,1,0,0,1,0,0,0,0,0,1,632,1,1,0,1766
2014/10/8,148668,37,11,480,728,202,139,1,16,4,3401,6,4,1250,4,6,4,0,0,93,0,0,0,82,0,4,1250,6,4,1,1767
2014/10/8,147255,7,12,234,306,4,4,0,0,0,0,0,0,0,0,0,0,0,0,1,0,0,0,1,0,0,0,0,0,0,1768
2014/10/8,53830,16,4,477,1085,6,4,0,0,0,0,0,0,0,0,0,0,0,0,0,0,0,0,0,0,0,0,0,0,0,1769
2014/10/8,147420,18,12,305,1276,2405,1104,95,62,63,67129,64,54,24476,48,48,47,7,0,339,0,1,0,279,0,48,24476,48,47,81,1770
2014/10/8,65236,39,12,420,1798,186,112,0,0,0,0,0,0,1453,1,1,1,0,0,20,0,0,0,15,0,1,1453,1,1,0,1771
2014/10/8,66811,39,12,422,796,26,10,1,0,0,0,0,0,0,0,0,0,0,0,3,0,0,0,3,0,0,0,0,0,1,1772
2014/10/8,125563,17,12,420,1798,216,114,0,1,0,0,0,0,0,0,0,0,0,0,20,0,0,0,18,0,0,0,0,0,0,1773
2014/10/8,121630,32,11,234,1174,33,25,1,0,0,0,0,0,0,0,0,0,0,0,1,0,0,0,1,0,0,0,0,0,1,1774
2014/10/8,49732,17,12,305,1371,2,2,0,0,0,0,0,0,0,0,0,0,0,0,1,0,0,0,1,0,0,0,0,0,0,1775
2014/10/8,64477,18,12,305,679,3,2,0,0,0,0,0,0,0,0,0,0,0,0,1,0,0,0,1,0,0,0,0,0,0,1776
2014/10/8,137136,7,12,420,1798,2490,1361,45,21,9,44007,9,8,22973,5,5,5,0,0,659,0,0,0,550,0,5,22973,5,5,33,1777
2014/10/8,80062,21,11,510,676,75,54,0,0,0,0,0,0,0,0,0,0,0,0,15,0,0,0,12,0,0,0,0,0,0,1778
2014/10/8,42301,18,12,326,625,67,46,1,0,1,3954,1,1,1179,1,1,1,0,0,13,0,0,0,11,0,1,1179,1,1,1,1779
2014/10/8,22282,14,7,172,1635,25,19,2,0,0,0,0,0,0,0,0,0,0,0,6,0,0,0,5,0,0,0,0,0,1,1780
2014/10/8,300,36,4,657,294,49,32,0,0,0,148,0,0,53,0,0,0,0,0,17,0,0,0,12,0,0,53,0,0,0,1781
2014/10/8,92536,39,12,168,397,9,2,0,0,0,0,0,0,0,0,0,0,0,0,0,0,0,0,0,0,0,0,0,0,0,1782
2014/10/8,18435,32,11,629,1537,168,96,0,1,1,669,1,1,669,1,1,1,1,0,43,0,1,0,35,0,1,669,1,1,0,1783
2014/10/8,150126,14,7,683,2027,98,54,2,2,0,0,0,0,0,0,0,0,0,0,10,1,0,0,7,1,0,0,0,0,0,1784
2014/10/8,131934,32,11,422,1450,430,210,4,41,6,10650,6,5,4898,5,5,5,0,0,123,0,0,0,104,0,5,4898,5,5,4,1785
2014/10/8,75706,37,11,74,1184,114,57,0,6,1,335,1,1,201,1,1,1,0,0,5,0,0,0,4,0,1,201,1,1,0,1786
2014/10/8,28810,37,11,480,728,68,29,0,0,0,617,0,0,304,0,0,0,0,0,11,0,0,0,6,0,0,304,0,0,0,1787
2014/10/8,82894,39,12,168,823,0,0,0,0,0,0,0,0,0,0,0,0,0,0,0,0,0,0,0,0,0,0,0,0,0,1788
2014/10/8,71275,20,5,320,736,152,86,2,5,0,0,0,0,0,0,0,0,0,0,41,0,0,0,28,0,0,0,0,0,2,1789
2014/10/8,146679,13,1,556,607,216,108,8,6,7,5084,7,6,1403,3,3,3,0,0,32,0,0,0,29,0,3,1403,3,3,8,1790
2014/10/8,16434,21,11,305,582,12,6,0,0,0,0,0,0,5887,2,12,2,0,0,0,0,0,0,0,0,2,5887,12,2,0,1791
2014/10/8,80078,32,11,510,676,374,232,13,2,1,4597,2,1,2305,1,1,1,0,0,100,0,0,0,78,0,1,2305,1,1,11,1792
2014/10/8,71449,22,4,41,1401,3,3,0,0,0,0,0,0,0,0,0,0,0,0,1,0,0,0,1,0,0,0,0,0,0,1793
2014/10/8,32754,22,4,641,1291,109,59,1,1,3,500,3,2,174,2,2,2,0,0,31,0,0,0,25,0,2,174,2,2,1,1794
2014/10/8,92542,14,7,422,56,47,23,2,0,0,0,0,0,0,0,0,0,0,0,8,0,0,0,5,0,0,0,0,0,2,1795
2014/10/8,31344,33,10,733,426,182,95,1,3,5,20692,5,5,11043,4,4,4,0,0,14,0,0,0,11,0,4,11043,4,4,1,1796
2014/10/8,125581,7,12,420,1798,816,477,8,7,6,43439,7,6,26145,6,7,6,0,0,150,0,0,0,139,0,6,26145,7,6,7,1797
2014/10/8,102811,18,12,412,174,2,1,0,0,0,0,0,0,0,0,0,0,0,0,0,0,0,0,0,0,0,0,0,0,0,1798
2014/10/8,58630,17,12,629,245,6,5,0,0,0,0,0,0,0,0,0,0,0,0,0,0,0,0,0,0,0,0,0,0,0,1799
2014/10/8,110680,13,1,556,607,279,147,7,7,1,1408,1,1,757,1,1,1,0,0,2,0,0,0,2,0,1,757,1,1,7,1800
2014/10/8,23799,30,11,155,568,41,29,0,0,0,0,0,0,0,0,0,0,0,0,3,0,0,0,3,0,0,0,0,0,0,1801
2014/10/8,142104,32,11,422,389,131,85,7,8,19,75432,19,19,22804,19,19,19,0,0,49,0,0,0,43,0,19,22804,19,19,6,1802
2014/10/8,36046,4,11,510,1809,209,142,1,5,0,0,0,0,0,0,0,0,0,0,84,0,0,0,70,0,0,0,0,0,1,1803
2014/10/8,58552,13,1,202,1895,5507,2394,158,76,88,190250,90,73,115577,75,76,72,0,2,821,0,0,2,615,0,75,115577,76,72,120,1804
2014/10/8,67435,32,11,629,450,30,27,1,3,0,0,0,0,0,0,0,0,0,0,7,0,0,0,6,0,0,0,0,0,1,1805
2014/10/8,72136,21,11,510,1953,148,98,10,3,7,8573,7,7,6058,5,5,5,0,0,16,0,0,0,13,0,5,6058,5,5,6,1806
2014/10/8,119563,37,11,74,1184,17,13,0,0,0,0,0,0,0,0,0,0,0,0,3,0,0,0,3,0,0,0,0,0,0,1807
2014/10/8,158171,32,11,629,1052,57,22,0,0,0,3292,0,0,0,0,0,0,0,0,8,0,0,0,8,0,0,0,0,0,0,1808
2014/10/8,15200,35,13,569,71,138,63,2,0,1,1248,1,1,0,0,0,0,0,0,18,0,0,0,17,0,0,0,0,0,2,1809
2014/10/8,142842,37,11,480,340,75,26,0,0,1,565,1,1,384,1,1,1,0,0,1,0,0,0,1,0,1,384,1,1,0,1810
2014/10/8,17946,18,12,112,24,45,31,0,0,0,0,0,0,0,0,0,0,0,0,10,0,0,0,9,0,0,0,0,0,0,1811
2014/10/8,31275,13,1,172,1635,151,98,5,4,0,0,0,0,0,0,0,0,0,0,4,0,0,0,4,0,0,0,0,0,3,1812
2014/10/8,161685,35,13,119,1435,27,19,0,0,0,0,0,0,0,0,0,0,0,0,5,0,0,0,5,0,0,0,0,0,0,1813
2014/10/8,161205,39,12,406,1335,15,8,0,0,0,0,0,0,0,0,0,0,0,0,1,0,0,0,1,0,0,0,0,0,0,1814
2014/10/8,161850,39,12,420,1798,236,160,0,3,0,0,0,0,0,0,0,0,0,0,24,0,0,0,18,0,0,0,0,0,0,1815
2014/10/8,123928,21,11,510,676,154,97,1,0,0,0,0,0,0,0,0,0,0,0,4,0,0,0,4,0,0,0,0,0,1,1816
2014/10/8,57886,4,11,510,676,407,245,16,6,3,1997,3,2,1499,2,2,2,0,0,79,0,0,0,65,0,2,1499,2,2,5,1817
2014/10/8,36223,39,12,219,1688,45,24,0,0,0,0,0,0,0,0,0,0,0,0,12,0,0,0,8,0,0,0,0,0,0,1818
2014/10/8,41655,26,8,422,1368,1537,651,44,32,45,28330,45,34,16244,30,30,27,0,0,426,0,0,0,285,0,30,16244,30,27,37,1819
2014/10/8,82606,18,12,326,625,24,14,0,0,0,0,0,0,0,0,0,0,0,0,0,0,0,0,0,0,0,0,0,0,0,1820
2014/10/8,143196,19,4,420,1798,15,9,0,0,0,0,0,0,0,0,0,0,0,0,1,0,0,0,1,0,0,0,0,0,0,1821
2014/10/8,125935,7,12,420,1798,360,188,2,2,0,0,0,0,0,0,0,0,0,0,49,0,0,0,37,0,0,0,0,0,1,1822
2014/10/8,65271,18,12,422,1680,109,46,3,5,10,14361,10,10,6602,10,10,10,0,0,18,0,0,0,14,0,10,6602,10,10,2,1823
2014/10/8,23160,39,12,153,890,11,11,1,0,0,0,0,0,0,0,0,0,0,0,1,0,0,0,1,0,0,0,0,0,1,1824
2014/10/8,105436,32,11,422,1669,91,60,2,0,0,0,0,0,0,0,0,0,0,0,7,0,0,0,6,0,0,0,0,0,2,1825
2014/10/8,35299,4,11,422,2110,4193,2004,30,74,25,19897,25,23,10348,23,23,23,0,0,1189,0,0,0,983,0,23,10348,23,23,27,1826
2014/10/8,54388,39,12,168,397,1282,797,17,16,14,16926,14,13,6412,11,11,11,0,0,186,0,0,0,159,0,11,6412,11,11,14,1827
2014/10/8,127693,37,11,480,673,8,7,0,0,0,0,0,0,0,0,0,0,0,0,4,0,0,0,3,0,0,0,0,0,0,1828
2014/10/8,107446,20,5,400,255,841,525,9,4,1,4448,1,1,0,0,0,0,0,0,100,0,0,0,87,0,0,0,0,0,6,1829
2014/10/8,151739,26,8,422,1368,2055,944,48,33,23,20919,23,21,11597,16,16,16,0,0,269,0,0,0,148,0,16,11597,16,16,38,1830
2014/10/8,64768,39,12,666,431,199,126,1,0,1,6673,1,1,4978,1,1,1,0,0,16,0,0,0,13,0,1,4978,1,1,1,1831
2014/10/8,81034,21,11,629,1537,4,4,0,0,0,0,0,0,0,0,0,0,0,0,4,0,0,0,4,0,0,0,0,0,0,1832
2014/10/8,32869,32,11,287,1944,6,5,0,0,0,0,0,0,0,0,0,0,0,0,0,0,0,0,0,0,0,0,0,0,0,1833
2014/10/8,37645,32,11,422,1669,1830,796,55,35,44,131003,44,38,37449,34,34,34,0,0,294,0,0,0,239,0,34,37449,34,34,46,1834
2014/10/8,55159,20,5,84,1387,223,137,5,3,2,31140,2,1,5355,1,1,1,0,0,33,0,0,0,28,0,1,5355,1,1,4,1835
2014/10/8,32782,4,11,384,1623,147,75,0,7,9,3586,9,9,3586,9,9,9,0,0,18,0,0,0,17,0,9,3586,9,9,0,1836
2014/10/8,42093,32,11,234,229,684,346,8,9,6,43426,6,5,17191,5,5,5,0,0,159,0,0,0,132,0,5,17191,5,5,6,1837
2014/10/8,94666,21,11,155,568,60,36,0,0,1,4923,1,1,0,0,0,0,0,0,7,0,0,0,6,0,0,0,0,0,0,1838
2014/10/8,96025,17,12,510,676,28,11,0,0,0,0,0,0,0,0,0,0,0,0,1,0,0,0,1,0,0,0,0,0,0,1839
2014/10/8,9089,11,12,618,449,9,6,0,0,0,0,0,0,0,0,0,0,1,0,2,0,1,0,2,0,0,0,0,0,0,1840
2014/10/8,130397,39,12,422,661,345,192,6,18,20,33052,20,20,7829,19,19,19,0,0,117,0,0,0,91,0,19,7829,19,19,5,1841
2014/10/8,138840,18,12,305,679,183,105,7,1,0,3044,0,0,2808,1,1,1,0,0,15,0,0,0,10,0,1,2808,1,1,5,1842
2014/10/8,105613,32,11,422,1680,24,5,1,0,0,0,0,0,0,0,0,0,0,0,0,0,0,0,0,0,0,0,0,0,1,1843
2014/10/8,160626,37,11,298,996,37,29,0,0,0,0,0,0,0,0,0,0,0,0,3,0,0,0,2,0,0,0,0,0,0,1844
2014/10/8,144954,32,11,234,229,3,2,0,0,0,0,0,0,0,0,0,0,0,0,1,0,0,0,1,0,0,0,0,0,0,1845
2014/10/8,90904,33,10,473,18,40,12,1,1,0,0,0,0,0,0,0,0,0,0,2,0,0,0,2,0,0,0,0,0,1,1846
2014/10/8,33388,21,11,594,2052,2,2,0,0,0,0,0,0,0,0,0,0,0,0,0,0,0,0,0,0,0,0,0,0,0,1847
2014/10/8,132570,32,11,133,1970,192,101,2,2,1,2720,1,1,1802,1,1,1,0,0,25,0,0,0,19,0,1,1802,1,1,2,1848
2014/10/8,9425,26,8,193,1479,249,188,4,0,0,1380,0,0,298,0,0,0,0,0,80,0,0,0,76,0,0,298,0,0,4,1849
2014/10/8,147390,37,11,480,1857,184,166,3,2,2,1211,2,2,605,2,2,2,0,0,10,0,0,0,10,0,2,605,2,2,3,1850
2014/10/8,31299,17,12,666,431,1244,818,14,8,9,63506,9,8,31414,7,7,7,0,0,65,0,0,0,58,0,7,31414,7,7,10,1851
2014/10/8,146967,17,12,420,1798,4506,2134,110,82,14,105350,14,13,38137,8,8,8,0,4,161,0,0,0,130,0,8,38137,8,8,90,1852
2014/10/8,142782,39,12,629,11,232,118,1,1,2,3013,2,1,1534,1,1,1,0,0,36,0,0,0,32,0,1,1534,1,1,0,1853
2014/10/8,27195,4,11,629,190,80,44,1,0,0,0,0,0,0,0,0,0,0,0,13,0,0,0,13,0,0,0,0,0,1,1854
2014/10/8,6572,25,12,412,174,237,112,5,1,1,8011,1,1,8125,2,2,2,0,0,20,0,0,0,17,0,2,8125,2,2,3,1855
2014/10/8,71005,20,5,178,385,217,123,10,6,2,19599,2,2,6429,2,2,2,0,0,38,0,0,0,30,0,2,6429,2,2,9,1856
2014/10/8,68795,32,11,629,974,684,344,32,10,23,126283,25,20,36601,15,16,15,0,0,153,0,0,0,129,0,15,36601,16,15,12,1857
2014/10/8,50470,37,11,74,1184,17,12,0,0,0,0,0,0,0,0,0,0,0,0,0,0,0,0,0,0,0,0,0,0,0,1858
2014/10/8,66220,32,11,203,803,115,99,0,0,0,0,0,0,0,0,0,0,0,0,2,0,0,0,2,0,0,0,0,0,0,1859
2014/10/8,100840,17,12,203,1561,0,0,0,0,0,0,0,0,0,0,0,0,0,0,0,0,0,0,0,0,0,0,0,0,0,1860
2014/10/8,52564,32,11,219,2062,1104,542,24,13,14,70645,14,11,12562,7,7,7,0,0,91,0,0,0,71,0,7,12562,7,7,22,1861
2014/10/8,22108,21,11,510,676,958,623,29,14,13,18697,13,12,11869,10,10,10,0,1,279,0,0,1,222,0,10,11869,10,10,25,1862
2014/10/8,62127,13,1,136,443,275,179,4,2,2,8439,2,2,2507,0,0,0,0,0,98,0,0,0,90,0,0,2507,0,0,3,1863
2014/10/8,20499,39,12,422,237,1,1,0,0,0,0,0,0,0,0,0,0,0,0,0,0,0,0,0,0,0,0,0,0,0,1864
2014/10/8,119596,37,11,74,1184,113,56,2,6,4,1277,4,4,732,4,4,4,0,0,5,0,0,0,4,0,4,732,4,4,2,1865
2014/10/8,80701,7,12,203,279,8,3,0,0,0,0,0,0,0,0,0,0,0,0,0,0,0,0,0,0,0,0,0,0,0,1866
2014/10/8,62940,7,12,390,2063,255,150,0,3,8,18167,9,3,6602,5,5,4,0,0,77,0,0,0,60,0,5,6602,5,4,0,1867
2014/10/8,65713,26,8,193,1479,942,533,34,19,17,12226,17,17,5222,17,17,17,1,0,264,0,1,0,233,0,17,5222,17,17,30,1868
2014/10/8,106057,14,7,665,1280,6,4,0,0,0,0,0,0,0,0,0,0,0,0,0,0,0,0,0,0,0,0,0,0,0,1869
2014/10/8,151025,39,12,629,245,31,18,0,0,0,0,0,0,0,0,0,0,0,0,0,0,0,0,0,0,0,0,0,0,0,1870
2014/10/8,152439,39,12,406,1335,6,5,0,1,0,0,0,0,0,0,0,0,0,0,3,0,0,0,2,0,0,0,0,0,0,1871
2014/10/8,99376,21,11,422,240,238,115,4,3,3,4379,3,2,1415,2,2,2,0,0,33,0,0,0,29,0,2,1415,2,2,4,1872
2014/10/8,134676,33,10,320,234,34,18,0,0,0,4616,0,0,2120,0,0,0,0,0,7,0,0,0,4,0,0,2120,0,0,0,1873
2014/10/8,61285,7,12,422,1890,218,151,8,2,3,2287,3,3,1854,3,3,3,0,0,96,0,0,0,83,0,3,1854,3,3,6,1874
2014/10/8,161238,21,11,581,1989,1466,1000,25,17,4,13706,4,3,7468,3,3,3,0,0,183,0,0,0,145,0,3,7468,3,3,20,1875
2014/10/8,197,21,11,422,2023,63,35,0,0,1,4619,1,1,1865,1,1,1,0,0,1,0,0,0,1,0,1,1865,1,1,0,1876
2014/10/8,101615,26,8,564,1028,203,109,2,0,3,8195,3,1,1877,1,1,1,0,0,33,0,0,0,26,0,1,1877,1,1,2,1877
2014/10/8,51412,39,12,692,1979,35,20,0,1,1,779,1,1,373,1,1,1,0,0,8,0,0,0,7,0,1,373,1,1,0,1878
2014/10/8,129166,39,12,412,1498,0,0,0,0,0,0,0,0,0,0,0,0,0,0,0,0,0,0,0,0,0,0,0,0,0,1879
2014/10/8,149832,39,12,168,1745,126,93,0,3,2,3252,2,2,1218,2,2,2,0,0,27,0,0,0,24,0,2,1218,2,2,0,1880
2014/10/8,81229,39,12,601,810,10,8,0,0,0,0,0,0,0,0,0,0,0,0,0,0,0,0,0,0,0,0,0,0,0,1881
2014/10/8,68077,26,8,510,676,1250,659,42,12,17,26434,20,14,18841,12,14,11,0,0,187,0,0,0,150,0,12,18841,14,11,30,1882
2014/10/8,166581,32,11,225,1286,136,90,0,2,2,11719,2,1,8447,2,2,1,0,0,15,0,0,0,8,0,2,8447,2,1,0,1883
2014/10/8,162006,17,12,203,840,52,28,0,0,0,0,0,0,0,0,0,0,0,0,0,0,0,0,0,0,0,0,0,0,0,1884
2014/10/8,35911,21,11,355,1195,35,24,1,1,0,0,0,0,0,0,0,0,2,0,0,0,1,0,0,0,0,0,0,0,1,1885
2014/10/8,119041,39,12,629,245,31,18,0,0,0,0,0,0,0,0,0,0,0,0,0,0,0,0,0,0,0,0,0,0,0,1886
2014/10/8,25455,37,11,485,1963,123,86,0,5,0,0,0,0,0,0,0,0,0,0,8,0,0,0,6,0,0,0,0,0,0,1887
2014/10/8,111017,39,12,406,1335,23,17,0,1,1,560,1,1,529,1,1,1,0,0,11,0,0,0,8,0,1,529,1,1,0,1888
2014/10/8,83405,18,12,380,48,2522,1154,23,46,14,25472,14,13,9905,11,11,11,0,0,495,0,0,0,368,0,11,9905,11,11,20,1889
2014/10/8,117850,14,7,510,1218,8,5,0,0,0,0,0,0,0,0,0,0,0,0,2,0,0,0,0,0,0,0,0,0,0,1890
2014/10/8,11068,39,12,422,51,295,174,9,4,5,3118,5,5,1449,5,5,5,0,0,64,0,0,0,58,0,5,1449,5,5,9,1891
2014/10/8,27462,7,12,420,1798,212,141,1,3,0,0,0,0,0,0,0,0,0,0,40,0,0,0,28,0,0,0,0,0,1,1892
2014/10/8,61294,21,11,349,265,21,13,0,0,0,0,0,0,0,0,0,0,0,0,1,0,0,0,1,0,0,0,0,0,0,1893
2014/10/8,99802,37,11,480,1595,120,54,3,0,4,1815,4,4,1071,4,4,4,0,0,4,0,0,0,4,0,4,1071,4,4,3,1894
2014/10/8,132849,13,1,542,1684,512,304,13,5,8,22630,8,4,8667,2,2,2,0,0,99,0,0,0,85,0,2,8667,2,2,10,1895
2014/10/8,165345,26,8,193,1479,544,313,18,14,3,12477,3,3,937,1,1,1,0,0,89,0,0,0,84,0,1,937,1,1,16,1896
2014/10/8,113929,22,4,41,662,38,25,0,1,0,0,0,0,0,0,0,0,0,0,13,0,0,0,10,0,0,0,0,0,0,1897
2014/10/8,102955,21,11,507,1781,84,51,1,0,0,0,0,0,0,0,0,0,0,0,18,0,0,0,12,0,0,0,0,0,1,1898
2014/10/8,24867,18,12,112,24,7,5,0,0,0,0,0,0,0,0,0,0,0,0,1,0,0,0,1,0,0,0,0,0,0,1899
2014/10/8,162744,21,11,422,240,25,18,0,0,0,0,0,0,0,0,0,0,0,0,0,0,0,0,0,0,0,0,0,0,0,1900
2014/10/8,96223,32,11,225,1706,1287,730,22,11,2,11501,2,2,5498,1,1,1,0,0,130,27,0,0,95,26,1,5498,1,1,6,1901
2014/10/8,85339,39,12,406,1335,19,9,0,0,0,0,0,0,0,0,0,0,0,0,1,0,0,0,0,0,0,0,0,0,0,1902
2014/10/8,117691,32,11,203,840,1934,1158,17,14,2,9680,2,2,8347,2,2,2,0,0,192,4,0,0,150,4,2,8347,2,2,12,1903
2014/10/8,115207,7,12,62,211,687,505,3,4,2,10192,2,2,5086,2,2,2,0,0,42,0,0,0,31,0,2,5086,2,2,2,1904
2014/10/8,149598,21,11,422,240,34,19,0,0,0,0,0,0,0,0,0,0,0,0,1,0,0,0,1,0,0,0,0,0,0,1905
2014/10/8,12485,39,12,510,676,223,140,6,2,1,2079,1,1,2079,1,1,1,0,0,70,0,0,0,57,0,1,2079,1,1,5,1906
2014/10/8,15257,30,11,298,996,33,20,1,1,0,0,0,0,0,0,0,0,0,0,8,0,0,0,6,0,0,0,0,0,1,1907
2014/10/8,151776,26,8,422,1368,14084,5572,491,322,406,486678,419,339,230857,279,289,272,0,0,2519,0,0,0,1579,0,279,230857,289,272,409,1908
2014/10/8,89185,39,12,422,1680,2155,1159,43,66,68,111019,68,63,37718,62,62,62,2,0,582,0,1,0,496,0,62,37718,62,62,37,1909
2014/10/8,125899,7,12,439,578,332,247,5,20,23,63755,23,23,22622,23,23,23,0,0,82,0,0,0,73,0,23,22622,23,23,4,1910
2014/10/8,15170,39,12,422,58,679,384,0,3,0,0,0,0,0,0,0,0,0,0,131,0,0,0,102,0,0,0,0,0,0,1911
2014/10/8,53350,32,11,219,2062,3929,1789,103,41,47,164145,47,42,49764,38,38,38,0,0,658,0,0,0,512,0,38,49764,38,38,81,1912
2014/10/8,105562,17,12,619,945,3,2,0,0,0,0,0,0,0,0,0,0,0,0,1,0,0,0,1,0,0,0,0,0,0,1913
2014/10/8,31491,39,12,219,2062,155,96,7,1,3,5446,3,2,2136,3,3,3,0,0,45,0,0,0,34,0,3,2136,3,3,6,1914
2014/10/8,144420,13,1,507,676,627,375,29,9,7,16142,11,6,10204,5,7,5,0,0,50,0,0,0,39,0,5,10204,7,5,27,1915
2014/10/8,75949,33,10,81,1832,24,11,1,1,0,3654,0,0,1140,0,0,0,0,0,4,0,0,0,3,0,0,1140,0,0,1,1916
2014/10/8,124906,17,12,420,1798,10,9,0,0,0,0,0,0,0,0,0,0,0,0,0,0,0,0,0,0,0,0,0,0,0,1917
2014/10/8,3435,35,13,3,1115,1730,929,15,20,11,21164,13,7,13998,6,8,6,0,0,274,0,0,0,192,0,6,13998,8,6,12,1918
2014/10/8,12659,21,11,629,190,72,36,0,0,2,2777,2,1,622,1,1,1,0,0,18,0,0,0,15,0,1,622,1,1,0,1919
2014/10/8,136956,18,12,422,796,98,76,0,1,1,4641,1,0,477,0,0,0,0,0,7,0,0,0,7,0,0,477,0,0,0,1920
2014/10/8,59548,21,11,87,941,1,1,0,0,0,0,0,0,0,0,0,0,0,0,1,0,0,0,1,0,0,0,0,0,0,1921
2014/10/8,32340,32,11,133,543,38,22,0,0,0,0,0,0,0,0,0,0,0,0,10,0,0,0,9,0,0,0,0,0,0,1922
2014/10/8,81244,39,12,420,1798,257,176,1,6,0,0,0,0,2926,1,1,1,0,0,28,0,0,0,22,0,1,2926,1,1,1,1923
2014/10/8,70270,11,12,127,1199,168,77,0,3,0,0,0,0,0,0,0,0,0,0,24,0,0,0,19,0,0,0,0,0,0,1924
2014/10/8,154800,32,11,422,1653,6,5,0,0,0,0,0,0,0,0,0,0,0,0,4,0,0,0,4,0,0,0,0,0,0,1925
2014/10/8,18030,13,1,510,1401,218,115,15,4,0,0,0,0,0,0,0,0,0,0,30,0,0,0,27,0,0,0,0,0,6,1926
2014/10/8,161340,13,1,498,573,374,204,10,5,4,5515,4,2,2597,1,1,1,0,0,81,0,0,0,72,0,1,2597,1,1,7,1927
2014/10/8,61390,17,12,422,1890,140,81,0,1,0,0,0,0,0,0,0,0,0,0,43,0,0,0,37,0,0,0,0,0,0,1928
2014/10/8,92137,17,12,234,1174,22,18,0,0,0,0,0,0,0,0,0,0,0,0,1,0,0,0,1,0,0,0,0,0,0,1929
2014/10/8,99904,7,12,422,237,22,11,0,0,0,0,0,0,0,0,0,0,0,0,3,0,0,0,2,0,0,0,0,0,0,1930
2014/10/8,44815,17,12,203,803,0,0,0,0,0,0,0,0,0,0,0,0,0,0,0,0,0,0,0,0,0,0,0,0,0,1931
2014/10/8,142422,35,13,497,1365,465,269,5,1,1,9345,1,1,4672,0,0,0,0,0,105,0,0,0,90,0,0,4672,0,0,5,1932
2014/10/8,70444,7,12,203,1976,3,3,0,0,0,0,0,0,0,0,0,0,0,0,1,0,0,0,1,0,0,0,0,0,0,1933
2014/10/8,95722,13,1,412,31,414,294,3,7,0,0,0,0,0,0,0,0,0,0,75,0,0,0,67,0,0,0,0,0,3,1934
2014/10/8,89362,37,11,480,1595,89,40,2,0,0,283,0,0,169,0,0,0,0,1,9,0,0,1,9,0,0,169,0,0,2,1935
2014/10/8,727,21,11,581,1989,1837,996,40,17,25,67541,25,16,37366,15,15,13,0,0,411,0,0,0,316,0,15,37366,15,13,35,1936
2014/10/8,75871,39,12,684,9,104,53,0,0,0,0,0,0,0,0,0,0,0,0,13,0,0,0,11,0,0,0,0,0,0,1937
2014/10/8,124666,4,11,87,941,12,10,0,0,0,0,0,0,0,0,0,0,0,0,6,0,0,0,6,0,0,0,0,0,0,1938
2014/10/8,149943,22,4,41,662,41,27,0,1,2,405,4,2,405,2,4,2,0,0,15,0,0,0,12,0,2,405,4,2,0,1939
2014/10/8,140250,18,12,40,430,9,9,0,0,0,0,0,0,0,0,0,0,0,0,2,0,0,0,2,0,0,0,0,0,0,1940
2014/10/8,32439,32,11,287,1189,7,5,0,0,0,0,0,0,0,0,0,0,0,0,3,0,0,0,2,0,0,0,0,0,0,1941
2014/10/8,99577,21,11,87,1972,129,64,3,2,1,1704,1,1,0,0,0,0,0,0,21,0,0,0,19,0,0,0,0,0,3,1942
2014/10/8,88120,39,12,594,2052,40,14,1,1,1,1027,1,1,441,1,1,1,0,0,7,0,0,0,6,0,1,441,1,1,1,1943
2014/10/8,132051,26,8,198,603,386,244,8,11,0,0,0,0,0,0,0,0,0,0,74,0,0,0,67,0,0,0,0,0,6,1944
2014/10/8,84923,13,1,510,676,6837,3256,103,100,41,48473,41,33,28704,30,30,28,1,1,1021,0,1,1,654,0,30,28704,30,28,82,1945
2014/10/8,65836,22,4,3,569,1,1,0,0,0,0,0,0,0,0,0,0,0,0,1,0,0,0,1,0,0,0,0,0,0,1946
2014/10/8,124837,37,11,480,728,72,32,0,1,0,0,0,0,0,0,0,0,0,0,14,0,0,0,9,0,0,0,0,0,0,1947
2014/10/8,4044,17,12,203,840,210,108,4,2,0,0,0,0,0,0,0,0,0,0,25,0,0,0,23,0,0,0,0,0,3,1948
2014/10/8,154815,17,12,380,48,9,7,0,0,0,0,0,0,0,0,0,0,0,0,0,0,0,0,0,0,0,0,0,0,0,1949
2014/10/8,7716,7,12,619,945,227,103,8,4,5,3285,5,5,2133,4,4,4,0,0,44,0,0,0,34,0,4,2133,4,4,6,1950
2014/10/8,41158,35,13,84,2060,121,49,5,3,1,2800,1,1,1374,1,1,1,0,0,21,0,0,0,19,0,1,1374,1,1,4,1951
2014/10/8,110617,20,5,400,1982,11,7,0,0,0,0,0,0,0,0,0,0,0,0,5,0,0,0,5,0,0,0,0,0,0,1952
2014/10/8,144273,39,12,390,2063,24,18,0,0,0,0,0,0,0,0,0,0,0,0,4,0,0,0,4,0,0,0,0,0,0,1953
2014/10/8,15191,13,1,422,219,1560,723,19,23,11,22932,11,10,14729,9,9,9,0,0,212,0,0,0,134,0,9,14729,9,9,17,1954
2014/10/8,42004,21,11,510,1075,3,1,0,0,0,0,0,0,0,0,0,0,0,0,0,0,0,0,0,0,0,0,0,0,0,1955
2014/10/8,167715,13,1,35,1808,771,401,15,14,9,20188,9,6,6538,4,4,4,0,0,80,0,0,0,57,0,4,6538,4,4,10,1956
2014/10/8,82840,13,1,234,762,188,105,7,5,1,1603,1,1,740,1,1,1,0,0,8,0,0,0,7,0,1,740,1,1,7,1957
2014/10/8,65593,13,1,35,1808,377,251,7,6,6,8916,6,4,3781,2,2,2,0,0,83,0,0,0,72,0,2,3781,2,2,7,1958
2014/10/8,124111,25,12,412,174,2036,1054,47,40,6,54645,6,3,10186,2,2,2,0,0,405,0,0,0,340,0,2,10186,2,2,38,1959
2014/10/8,14207,39,12,422,58,698,396,24,5,13,5396,13,13,3473,12,12,12,0,0,135,0,0,0,105,0,12,3473,12,12,20,1960
2014/10/8,77161,26,8,68,1290,131,70,2,2,1,3177,1,1,2256,1,1,1,0,0,8,0,0,0,8,0,1,2256,1,1,2,1961
2014/10/8,82846,22,4,41,662,6,3,0,0,0,0,0,0,0,0,0,0,0,0,0,0,0,0,0,0,0,0,0,0,0,1962
2014/10/8,140181,32,11,422,1450,410,200,13,39,38,54304,39,35,26027,34,35,34,0,0,117,0,0,0,99,0,34,26027,35,34,12,1963
2014/10/8,21399,32,11,422,1669,129,62,1,1,0,13405,0,0,7117,1,2,1,0,0,1,0,0,0,1,0,1,7117,2,1,1,1964
2014/10/8,37060,39,12,422,1680,2078,1117,27,60,25,44593,25,25,15983,24,24,24,1,0,562,0,0,0,478,0,24,15983,24,24,22,1965
2014/10/8,61102,39,12,203,279,60,36,1,0,0,0,0,0,0,0,0,0,0,0,12,0,0,0,8,0,0,0,0,0,0,1966
2014/10/8,43429,37,11,74,1184,16,11,0,0,0,0,0,0,0,0,0,0,0,0,0,0,0,0,0,0,0,0,0,0,0,1967
2014/10/8,23571,21,11,305,123,4,3,0,0,0,0,0,0,0,0,0,0,0,0,2,0,0,0,1,0,0,0,0,0,0,1968
2014/10/8,149961,37,11,480,1548,4286,2262,29,186,34,21086,34,30,7929,29,29,28,0,0,1567,0,0,0,1243,0,29,7929,29,28,26,1969
2014/10/8,81520,37,11,480,728,66,28,0,0,0,0,0,0,0,0,0,0,0,0,11,0,0,0,6,0,0,0,0,0,0,1970
2014/10/8,142614,32,11,133,1970,751,666,2,51,2,6175,2,1,2537,1,1,1,0,0,1,0,0,0,1,0,1,2537,1,1,2,1971
2014/10/8,13282,18,12,380,48,2548,1167,6,47,1,4298,1,1,1698,1,1,1,0,0,501,0,0,0,371,0,1,1698,1,1,4,1972
2014/10/8,141207,17,12,203,840,881,533,20,13,0,10435,0,0,6177,0,0,0,0,0,188,0,0,0,163,0,0,6177,0,0,17,1973
2014/10/8,145050,13,1,404,1921,208,146,2,4,1,1520,1,1,707,1,1,1,0,0,25,0,0,0,23,0,1,707,1,1,2,1974
